"Date","Price","Open","High","Low","Vol.","Change %"
"04/08/2026","95.11","95.51","95.61","94.94","10.22M","1.19%"
"04/07/2026","93.99","93.94","94.05","93.41","6.88M","0.05%"
"04/06/2026","93.94","93.82","94.06","93.75","4.04M","-0.03%"
"04/02/2026","93.97","93.55","94.12","93.43","9.75M","0.12%"
"04/01/2026","93.86","93.83","94.12","93.72","13.25M","-0.07%"
"03/31/2026","93.93","93.60","94.21","93.30","17.52M","0.88%"
"03/30/2026","93.11","93.27","93.43","92.88","12.64M","0.17%"
"03/27/2026","92.95","93.18","93.33","92.87","15.11M","-0.55%"
"03/26/2026","93.46","94.27","94.32","93.43","16.24M","-1.03%"
"03/25/2026","94.43","94.30","94.55","94.14","14.14M","0.91%"
"03/24/2026","93.58","93.68","93.93","93.39","12.78M","-0.51%"
"03/23/2026","94.06","93.52","94.35","93.44","24.64M","0.98%"
"03/20/2026","93.15","94.31","94.35","93.10","13.84M","-1.56%"
"03/19/2026","94.63","93.93","94.69","93.86","15.19M","0.29%"
"03/18/2026","94.36","95.01","95.05","94.36","12.87M","-0.78%"
"03/17/2026","95.10","95.03","95.24","95.01","10.30M","0.37%"
"03/16/2026","94.75","94.56","94.96","94.56","11.27M","0.39%"
"03/13/2026","94.38","95.06","95.27","94.35","20.57M","-0.49%"
"03/12/2026","94.84","95.28","95.36","94.84","39.16M","-0.84%"
"03/11/2026","95.64","96.11","96.11","95.60","14.48M","-0.32%"
"03/10/2026","95.95","96.06","96.50","95.93","13.78M","-0.01%"
"03/09/2026","95.96","95.09","96.09","95.04","21.92M","0.22%"
"03/06/2026","95.75","95.73","96.01","95.50","12.47M","-0.65%"
"03/05/2026","96.38","96.34","96.58","96.21","12.87M","-0.51%"
"03/04/2026","96.87","96.52","96.93","96.42","12.55M","0.33%"
"03/03/2026","96.55","95.96","96.67","95.91","16.43M","-0.45%"
"03/02/2026","96.99","96.76","97.00","96.68","16.80M","-0.76%"
"02/27/2026","97.73","97.63","97.74","97.48","8.82M","0.05%"
"02/26/2026","97.68","97.75","97.78","97.55","4.96M","-0.06%"
"02/25/2026","97.74","97.63","97.79","97.60","5.51M","0.09%"
"02/24/2026","97.65","97.53","97.75","97.53","6.29M","-0.06%"
"02/23/2026","97.71","97.72","97.80","97.50","7.16M","0.06%"
"02/20/2026","97.65","97.55","97.65","97.40","7.93M","0.10%"
"02/19/2026","97.55","97.46","97.58","97.24","6.83M","-0.11%"
"02/18/2026","97.66","97.71","97.77","97.55","7.57M","0.04%"
"02/17/2026","97.62","97.60","97.76","97.54","4.67M","0.21%"
"02/13/2026","97.42","97.48","97.61","97.31","6.71M","0.17%"
"02/12/2026","97.25","97.20","97.40","97.05","7.45M","0.28%"
"02/11/2026","96.98","96.94","97.09","96.83","6.83M","0.01%"
"02/10/2026","96.97","97.07","97.09","96.94","5.81M","0.26%"
"02/09/2026","96.72","96.65","96.88","96.42","12.30M","0.03%"
"02/06/2026","96.69","96.60","96.69","96.44","7.99M","0.26%"
"02/05/2026","96.44","96.34","96.50","96.22","12.11M","0.25%"
"02/04/2026","96.20","96.37","96.40","96.09","12.48M","0.04%"
"02/03/2026","96.16","96.30","96.30","95.97","10.48M","0.02%"
"02/02/2026","96.14","96.21","96.46","96.14","16.27M","-0.46%"
"01/30/2026","96.58","96.74","96.76","96.54","10.99M","-0.09%"
"01/29/2026","96.67","96.57","96.75","96.45","8.09M","0.01%"
"01/28/2026","96.66","96.76","96.80","96.55","6.81M","-0.12%"
"01/27/2026","96.78","96.82","96.87","96.65","7.60M","-0.04%"
"01/26/2026","96.82","96.79","96.87","96.75","7.56M","0.10%"
"01/23/2026","96.72","96.56","96.74","96.38","14.87M","0.25%"
"01/22/2026","96.48","96.50","96.72","96.27","10.69M","-0.02%"
"01/21/2026","96.50","96.00","96.51","95.97","16.00M","0.80%"
"01/20/2026","95.73","95.78","95.92","95.67","7.84M","-0.50%"
"01/16/2026","96.21","96.45","96.49","96.20","9.29M","-0.20%"
"01/15/2026","96.40","96.44","96.51","96.36","7.04M","0.04%"
"01/14/2026","96.36","96.25","96.37","96.10","6.72M","0.21%"
"01/13/2026","96.16","96.29","96.32","96.09","7.87M","-0.12%"
"01/12/2026","96.28","96.10","96.39","96.10","7.89M","-0.08%"
"01/09/2026","96.36","96.19","96.36","96.08","6.65M","0.36%"
"01/08/2026","96.01","95.93","96.09","95.84","8.14M","-0.16%"
"01/07/2026","96.16","96.45","96.45","96.14","9.56M","-0.20%"
"01/06/2026","96.35","96.45","96.45","96.21","7.39M","-0.10%"
"01/05/2026","96.45","96.45","96.46","96.28","6.03M","0.16%"
"01/02/2026","96.30","96.50","96.50","96.21","9.53M","0.02%"
"12/31/2025","96.28","96.54","96.61","96.28","3.67M","-0.20%"
"12/30/2025","96.47","96.58","96.62","96.47","4.02M","-0.12%"
"12/29/2025","96.59","96.62","96.65","96.46","4.94M","0.05%"
"12/26/2025","96.54","96.64","96.72","96.41","2.97M","-0.01%"
"12/25/2025","96.55","96.48","96.55","96.55","1.33M","0.00%"
"12/24/2025","96.55","96.48","96.57","96.35","1.33M","0.30%"
"12/23/2025","96.26","96.25","96.36","96.15","4.53M","-0.05%"
"12/22/2025","96.31","96.42","96.50","96.21","2.88M","0.04%"
"12/19/2025","96.27","96.40","96.43","96.19","4.90M","-0.44%"
"12/18/2025","96.70","96.68","96.74","96.50","5.52M","0.44%"
"12/17/2025","96.28","96.54","96.54","96.25","7.07M","-0.38%"
"12/16/2025","96.65","96.45","96.66","96.40","8.63M","0.27%"
"12/15/2025","96.39","96.45","96.54","96.31","7.95M","0.14%"
"12/12/2025","96.26","96.26","96.38","96.18","8.81M","-0.05%"
"12/11/2025","96.31","96.35","96.44","96.24","4.88M","0.07%"
"12/10/2025","96.24","95.85","96.25","95.68","7.25M","0.41%"
"12/09/2025","95.85","95.98","95.98","95.72","7.76M","-0.08%"
"12/08/2025","95.93","96.24","96.25","95.88","6.62M","-0.42%"
"12/05/2025","96.33","96.47","96.63","96.28","6.00M","-0.13%"
"12/04/2025","96.46","96.47","96.51","96.29","8.23M","-0.08%"
"12/03/2025","96.54","96.72","96.73","96.42","6.14M","0.12%"
"12/02/2025","96.42","96.11","96.47","96.04","10.88M","0.42%"
"12/01/2025","96.02","95.94","96.22","95.93","11.15M","-0.73%"
"11/28/2025","96.73","96.75","96.80","96.61","2.63M","0.03%"
"11/26/2025","96.70","96.61","96.74","96.45","4.72M","0.10%"
"11/25/2025","96.60","96.40","96.64","96.32","10.39M","0.26%"
"11/24/2025","96.35","96.39","96.43","96.24","5.42M","0.21%"
"11/21/2025","96.15","95.89","96.25","95.89","5.33M","0.27%"
"11/20/2025","95.89","96.19","96.35","95.86","14.80M","-0.24%"
"11/19/2025","96.12","96.06","96.18","95.99","8.18M","0.17%"
"11/18/2025","95.96","96.02","96.12","95.87","6.41M","-0.03%"
"11/17/2025","95.99","96.21","96.35","95.97","9.95M","0.02%"
"11/14/2025","95.97","96.05","96.16","95.97","7.22M","-0.06%"
"11/13/2025","96.03","96.54","96.55","96.00","6.88M","-0.49%"
"11/12/2025","96.50","96.46","96.52","96.23","7.20M","0.04%"
"11/11/2025","96.46","96.27","96.49","96.21","2.30M","0.23%"
"11/10/2025","96.24","95.94","96.26","95.94","6.13M","0.23%"
"11/07/2025","96.02","96.12","96.12","95.71","6.39M","0.05%"
"11/06/2025","95.97","96.06","96.09","95.89","6.87M","0.33%"
"11/05/2025","95.65","95.94","95.94","95.65","5.89M","-0.22%"
"11/04/2025","95.86","95.81","96.01","95.75","6.23M","-0.11%"
"11/03/2025","95.97","96.51","96.51","95.93","9.44M","-0.72%"
"10/31/2025","96.67","96.72","96.82","96.55","8.85M","0.19%"
"10/30/2025","96.49","96.52","96.68","96.31","9.11M","-0.11%"
"10/29/2025","96.60","96.99","97.03","96.54","7.37M","-0.44%"
"10/28/2025","97.03","97.07","97.07","96.90","4.78M","0.00%"
"10/27/2025","97.03","96.99","97.04","96.75","5.75M","0.77%"
"10/24/2025","96.29","96.33","96.44","96.13","4.00M","0.29%"
"10/23/2025","96.01","96.10","96.13","95.93","4.82M","-0.07%"
"10/22/2025","96.08","96.32","96.32","95.98","6.73M","-0.21%"
"10/21/2025","96.28","96.41","96.50","96.26","4.75M","0.12%"
"10/20/2025","96.16","95.97","96.16","95.95","7.67M","0.44%"
"10/17/2025","95.74","95.71","95.76","95.51","6.36M","0.03%"
"10/16/2025","95.71","95.66","95.78","95.56","7.38M","0.15%"
"10/15/2025","95.57","95.63","95.76","95.39","11.40M","0.35%"
"10/14/2025","95.24","95.03","95.44","94.90","9.99M","-0.04%"
"10/13/2025","95.28","95.01","95.30","94.92","4.12M","0.69%"
"10/10/2025","94.63","95.14","95.23","94.57","16.59M","-0.44%"
"10/09/2025","95.05","95.19","95.22","94.88","7.38M","-0.05%"
"10/08/2025","95.10","95.27","95.27","95.00","10.03M","0.05%"
"10/07/2025","95.05","95.07","95.18","94.97","7.02M","-0.04%"
"10/06/2025","95.09","95.18","95.18","95.03","5.13M","-0.13%"
"10/03/2025","95.21","95.27","95.33","95.13","4.60M","0.04%"
"10/02/2025","95.17","94.92","95.24","94.91","6.07M","0.05%"
"10/01/2025","95.12","94.88","95.17","94.84","10.07M","-0.07%"
"09/30/2025","95.19","95.43","95.50","95.17","7.42M","-0.21%"
"09/29/2025","95.39","95.23","95.47","95.23","4.18M","0.17%"
"09/26/2025","95.23","95.30","95.39","95.10","6.12M","-0.03%"
"09/25/2025","95.26","95.60","95.60","95.18","7.98M","-0.25%"
"09/24/2025","95.50","95.73","95.80","95.43","7.17M","-0.06%"
"09/23/2025","95.56","95.34","95.57","95.30","5.84M","0.39%"
"09/22/2025","95.19","95.12","95.24","95.04","5.11M","0.22%"
"09/19/2025","94.98","94.96","95.05","94.84","6.50M","-0.11%"
"09/18/2025","95.08","95.77","95.77","95.04","7.79M","-0.42%"
"09/17/2025","95.48","95.74","95.90","95.31","8.38M","-0.05%"
"09/16/2025","95.53","95.71","95.71","95.45","5.45M","-0.06%"
"09/15/2025","95.59","95.38","95.65","95.34","5.31M","0.36%"
"09/12/2025","95.25","95.42","95.42","95.18","5.22M","-0.29%"
"09/11/2025","95.53","95.31","95.70","95.28","11.14M","0.37%"
"09/10/2025","95.18","94.84","95.31","94.75","9.82M","0.55%"
"09/09/2025","94.66","94.70","94.76","94.55","6.00M","-0.09%"
"09/08/2025","94.75","94.50","94.79","94.50","6.54M","-0.01%"
"09/05/2025","94.76","94.66","94.78","94.55","10.64M","0.67%"
"09/04/2025","94.13","94.02","94.14","93.85","5.90M","0.39%"
"09/03/2025","93.76","93.42","93.78","93.40","9.26M","0.43%"
"09/02/2025","93.36","93.11","93.38","93.03","9.61M","-0.81%"
"08/29/2025","94.12","94.07","94.19","94.00","8.48M","-0.15%"
"08/28/2025","94.26","93.91","94.30","93.86","9.43M","0.59%"
"08/27/2025","93.71","93.74","93.74","93.49","4.19M","-0.12%"
"08/26/2025","93.82","93.75","93.83","93.60","6.17M","-0.02%"
"08/25/2025","93.84","93.97","94.03","93.84","4.72M","-0.39%"
"08/22/2025","94.21","93.53","94.27","93.53","8.25M","0.73%"
"08/21/2025","93.53","93.75","93.79","93.46","11.05M","-0.32%"
"08/20/2025","93.83","93.87","93.94","93.74","4.51M","-0.16%"
"08/19/2025","93.98","93.94","94.09","93.90","4.41M","0.04%"
"08/18/2025","93.94","93.70","94.04","93.70","2.73M","0.10%"
"08/15/2025","93.85","93.96","94.00","93.74","3.68M","-0.09%"
"08/14/2025","93.93","93.95","94.07","93.80","7.87M","-0.22%"
"08/13/2025","94.14","94.11","94.18","94.00","6.57M","0.49%"
"08/12/2025","93.68","93.57","93.72","93.50","7.30M","0.19%"
"08/11/2025","93.50","93.38","93.60","93.38","3.61M","0.13%"
"08/08/2025","93.38","93.23","93.40","93.23","3.44M","0.00%"
"08/07/2025","93.38","93.34","93.48","93.26","5.70M","0.15%"
"08/06/2025","93.24","93.18","93.25","92.87","5.79M","0.06%"
"08/05/2025","93.18","93.17","93.27","93.08","8.60M","0.00%"
"08/04/2025","93.18","93.00","93.20","92.92","5.40M","0.50%"
"08/01/2025","92.72","92.64","92.78","92.54","11.77M","-0.16%"
"07/31/2025","92.87","92.92","93.04","92.79","7.53M","0.02%"
"07/30/2025","92.85","92.88","93.04","92.65","6.12M","-0.17%"
"07/29/2025","93.01","92.87","93.09","92.81","6.55M","0.38%"
"07/28/2025","92.66","92.68","92.71","92.57","7.07M","-0.06%"
"07/25/2025","92.72","92.51","92.74","92.41","4.58M","0.32%"
"07/24/2025","92.42","92.30","92.56","92.30","3.56M","-0.02%"
"07/23/2025","92.44","92.42","92.47","92.33","7.28M","0.04%"
"07/22/2025","92.40","92.36","92.52","92.23","8.57M","0.17%"
"07/21/2025","92.24","92.48","92.48","92.18","4.33M","0.38%"
"07/18/2025","91.89","92.07","92.07","91.86","6.85M","0.22%"
"07/17/2025","91.69","91.60","91.76","91.52","5.46M","0.11%"
"07/16/2025","91.59","91.48","91.70","91.22","9.52M","0.08%"
"07/15/2025","91.52","91.93","91.93","91.46","8.14M","-0.27%"
"07/14/2025","91.77","91.66","91.88","91.62","5.40M","0.01%"
"07/11/2025","91.76","92.18","92.18","91.74","6.75M","-0.52%"
"07/10/2025","92.24","92.27","92.31","92.03","5.25M","-0.15%"
"07/09/2025","92.38","91.87","92.40","91.81","6.17M","0.71%"
"07/08/2025","91.73","91.90","91.90","91.65","8.10M","-0.32%"
"07/07/2025","92.02","92.29","92.29","91.96","7.00M","-0.51%"
"07/03/2025","92.49","92.25","92.58","92.19","3.22M","0.17%"
"07/02/2025","92.33","92.21","92.34","92.04","10.02M","-0.10%"
"07/01/2025","92.42","92.62","92.62","92.18","10.52M","-0.22%"
"06/30/2025","92.62","92.44","92.63","92.26","13.05M","0.56%"
"06/27/2025","92.10","92.08","92.27","91.94","6.46M","-0.09%"
"06/26/2025","92.18","92.00","92.19","91.81","5.57M","0.30%"
"06/25/2025","91.90","91.83","91.91","91.65","5.30M","-0.05%"
"06/24/2025","91.95","91.63","92.04","91.49","11.00M","0.60%"
"06/23/2025","91.40","91.18","91.47","90.96","5.90M","0.29%"
"06/20/2025","91.14","91.07","91.25","90.94","3.35M","0.13%"
"06/18/2025","91.02","91.28","91.28","90.81","5.10M","-0.07%"
"06/17/2025","91.08","91.18","91.25","90.98","4.67M","0.08%"
"06/16/2025","91.01","91.10","91.33","90.97","5.45M","0.11%"
"06/13/2025","90.91","91.19","91.19","90.84","6.52M","-0.63%"
"06/12/2025","91.49","91.34","91.49","91.30","5.47M","0.18%"
"06/11/2025","91.33","91.15","91.39","91.15","6.01M","0.30%"
"06/10/2025","91.06","90.96","91.06","90.80","6.67M","0.44%"
"06/09/2025","90.66","90.60","90.76","90.46","3.58M","0.25%"
"06/06/2025","90.43","90.66","90.66","90.39","5.16M","-0.15%"
"06/05/2025","90.57","90.91","90.92","90.47","6.48M","-0.24%"
"06/04/2025","90.79","90.76","90.92","90.69","4.66M","0.38%"
"06/03/2025","90.45","90.39","90.45","90.31","5.76M","0.32%"
"06/02/2025","90.16","90.08","90.28","89.96","5.41M","-0.49%"
"05/30/2025","90.60","90.62","90.67","90.43","8.24M","0.00%"
"05/29/2025","90.60","90.19","90.65","90.19","4.57M","0.34%"
"05/28/2025","90.29","90.36","90.43","90.13","4.11M","-0.21%"
"05/27/2025","90.48","90.09","90.56","90.09","6.08M","0.61%"
"05/23/2025","89.93","89.93","89.99","89.68","4.43M","0.10%"
"05/22/2025","89.84","89.59","89.99","89.45","6.33M","0.34%"
"05/21/2025","89.54","90.10","90.20","89.50","7.54M","-0.92%"
"05/20/2025","90.37","90.16","90.45","90.16","5.18M","-0.15%"
"05/19/2025","90.51","89.90","90.52","89.82","3.86M","0.07%"
"05/16/2025","90.45","90.52","90.69","90.26","3.06M","0.19%"
"05/15/2025","90.28","90.15","90.32","89.96","4.06M","0.33%"
"05/14/2025","89.98","90.20","90.21","89.87","3.37M","-0.33%"
"05/13/2025","90.28","90.42","90.45","90.22","4.82M","0.09%"
"05/12/2025","90.20","90.21","90.26","90.07","6.08M","0.58%"
"05/09/2025","89.68","89.68","89.76","89.61","3.62M","0.16%"
"05/08/2025","89.54","89.95","89.95","89.53","5.23M","-0.40%"
"05/07/2025","89.90","90.00","90.03","89.65","4.38M","0.39%"
"05/06/2025","89.55","89.49","89.62","89.17","7.23M","0.41%"
"05/05/2025","89.18","89.36","89.37","89.09","4.31M","-0.20%"
"05/02/2025","89.36","89.54","89.58","89.32","3.30M","-0.27%"
"05/01/2025","89.60","89.82","89.84","89.43","4.84M","-0.40%"
"04/30/2025","89.96","89.76","90.21","89.76","12.07M","-0.71%"
"04/29/2025","90.60","90.28","90.62","90.17","5.57M","0.13%"
"04/28/2025","90.48","90.23","90.52","90.09","5.04M","0.11%"
"04/25/2025","90.38","90.16","90.45","90.03","4.02M","0.40%"
"04/24/2025","90.02","89.55","90.03","89.46","3.27M","1.07%"
"04/23/2025","89.07","89.84","90.07","88.96","5.84M","0.44%"
"04/22/2025","88.68","88.52","89.01","88.37","5.87M","1.04%"
"04/21/2025","87.77","88.36","88.51","87.55","5.74M","-1.16%"
"04/17/2025","88.80","88.93","88.96","88.75","3.33M","0.26%"
"04/16/2025","88.57","88.64","88.75","88.35","3.57M","0.03%"
"04/15/2025","88.54","88.44","88.85","88.32","4.52M","0.31%"
"04/14/2025","88.27","88.87","88.87","87.90","5.18M","1.04%"
"04/11/2025","87.36","86.59","87.63","86.19","7.30M","0.36%"
"04/10/2025","87.05","88.08","88.08","86.83","10.68M","-1.94%"
"04/09/2025","88.77","86.26","88.93","84.78","18.44M","2.58%"
"04/08/2025","86.54","88.26","88.33","86.36","13.28M","-0.71%"
"04/07/2025","87.16","87.64","89.40","87.04","21.77M","-1.61%"
"04/04/2025","88.59","89.36","89.45","88.55","15.34M","-1.46%"
"04/03/2025","89.90","90.20","90.37","89.86","7.12M","-0.60%"
"04/02/2025","90.44","90.62","90.62","90.22","4.78M","-0.04%"
"04/01/2025","90.48","90.39","90.63","90.32","10.16M","-0.12%"
"03/31/2025","90.59","90.23","90.62","90.23","6.54M","0.22%"
"03/28/2025","90.39","90.58","90.58","90.28","5.21M","0.11%"
"03/27/2025","90.29","90.30","90.46","90.29","5.75M","-0.22%"
"03/26/2025","90.49","90.93","90.93","90.46","8.93M","-0.57%"
"03/25/2025","91.01","90.79","91.10","90.79","4.18M","0.10%"
"03/24/2025","90.92","91.01","91.06","90.79","4.26M","-0.07%"
"03/21/2025","90.98","91.15","91.15","90.87","5.56M","-0.30%"
"03/20/2025","91.25","91.58","91.66","91.18","8.00M","-0.20%"
"03/19/2025","91.43","90.94","91.50","90.89","7.58M","0.55%"
"03/18/2025","90.93","90.75","91.05","90.74","4.76M","-0.03%"
"03/17/2025","90.96","90.81","90.98","90.78","6.30M","0.26%"
"03/14/2025","90.72","90.44","90.82","90.44","4.20M","0.10%"
"03/13/2025","90.63","90.60","90.68","90.47","9.33M","-0.04%"
"03/12/2025","90.67","90.83","90.92","90.67","7.54M","-0.02%"
"03/11/2025","90.69","90.92","91.01","90.63","10.04M","-0.20%"
"03/10/2025","90.87","90.98","91.11","90.80","6.78M","-0.13%"
"03/07/2025","90.99","90.97","91.09","90.87","5.29M","0.28%"
"03/06/2025","90.74","90.84","90.91","90.65","6.06M","-0.59%"
"03/05/2025","91.28","91.34","91.56","91.15","7.62M","-0.03%"
"03/04/2025","91.31","91.43","91.46","91.23","7.55M","-0.15%"
"03/03/2025","91.45","91.18","91.59","91.18","8.87M","-0.63%"
"02/28/2025","92.03","91.67","92.04","91.54","8.20M","0.61%"
"02/27/2025","91.47","91.67","91.67","91.42","8.49M","-0.34%"
"02/26/2025","91.78","91.65","91.81","91.56","5.85M","0.33%"
"02/25/2025","91.48","91.22","91.50","91.22","8.64M","0.63%"
"02/24/2025","90.91","90.85","91.03","90.78","5.04M","0.10%"
"02/21/2025","90.82","90.93","91.01","90.74","5.73M","0.03%"
"02/20/2025","90.79","90.60","90.79","90.52","5.62M","0.19%"
"02/19/2025","90.62","90.40","90.68","90.33","4.73M","0.02%"
"02/18/2025","90.60","90.79","90.93","90.54","7.57M","-0.43%"
"02/14/2025","90.99","90.92","91.18","90.92","7.76M","0.31%"
"02/13/2025","90.71","90.37","90.77","90.35","6.02M","0.82%"
"02/12/2025","89.97","89.68","90.14","89.61","6.82M","-0.32%"
"02/11/2025","90.25","90.32","90.41","90.22","6.00M","-0.44%"
"02/10/2025","90.65","90.68","90.83","90.57","3.33M","0.00%"
"02/07/2025","90.65","90.74","90.82","90.60","4.94M","-0.38%"
"02/06/2025","91.00","91.07","91.18","90.89","3.30M","-0.09%"
"02/05/2025","91.08","90.83","91.14","90.82","5.73M","0.56%"
"02/04/2025","90.57","90.19","90.60","90.16","7.38M","0.35%"
"02/03/2025","90.25","89.92","90.42","89.92","6.57M","-0.33%"
"01/31/2025","90.55","90.79","90.94","90.39","9.08M","-0.34%"
"01/30/2025","90.86","90.87","90.97","90.68","5.95M","0.42%"
"01/29/2025","90.48","90.66","90.74","90.22","5.12M","-0.09%"
"01/28/2025","90.56","90.56","90.57","90.31","5.53M","-0.04%"
"01/27/2025","90.60","90.26","90.61","90.26","5.63M","0.29%"
"01/24/2025","90.34","90.19","90.38","90.16","3.17M","0.17%"
"01/23/2025","90.19","89.96","90.20","89.88","8.02M","-0.02%"
"01/22/2025","90.21","90.53","90.55","90.20","6.92M","-0.28%"
"01/21/2025","90.46","90.25","90.46","90.14","7.00M","0.68%"
"01/17/2025","89.85","89.94","90.05","89.75","3.56M","0.19%"
"01/16/2025","89.68","89.52","89.80","89.42","5.42M","-0.12%"
"01/15/2025","89.79","89.65","89.92","89.54","6.64M","1.15%"
"01/14/2025","88.77","88.74","88.82","88.57","4.07M","0.15%"
"01/13/2025","88.64","88.74","88.74","88.44","6.51M","-0.15%"
"01/10/2025","88.77","88.87","89.00","88.64","7.31M","-0.54%"
"01/08/2025","89.25","89.07","89.25","88.90","5.58M","0.08%"
"01/07/2025","89.18","89.55","89.65","89.11","9.45M","-0.40%"
"01/06/2025","89.54","89.56","89.67","89.41","5.04M","0.04%"
"01/03/2025","89.50","89.66","89.76","89.48","4.99M","0.18%"
"01/02/2025","89.34","89.36","89.50","89.06","7.71M","0.34%"
"12/31/2024","89.04","89.43","89.44","88.85","4.42M","-0.19%"
"12/30/2024","89.21","89.15","89.45","89.15","4.01M","-0.10%"
"12/27/2024","89.30","89.46","89.48","89.22","2.17M","-0.09%"
"12/26/2024","89.38","89.22","89.44","89.13","2.38M","-0.10%"
"12/24/2024","89.47","89.15","89.48","88.99","2.51M","0.45%"
"12/23/2024","89.08","89.48","89.48","89.00","4.95M","-0.54%"
"12/20/2024","89.56","89.01","89.85","89.01","6.71M","0.98%"
"12/19/2024","88.69","89.26","89.27","88.67","15.04M","-0.72%"
"12/18/2024","89.33","90.62","90.68","89.25","9.09M","-1.68%"
"12/17/2024","90.86","90.85","90.97","90.70","7.18M","-0.05%"
"12/16/2024","90.91","90.98","91.04","90.73","5.26M","-0.20%"
"12/13/2024","91.09","91.61","91.62","91.07","5.68M","-0.51%"
"12/12/2024","91.56","92.01","92.01","91.56","4.61M","-0.52%"
"12/11/2024","92.04","92.27","92.36","91.99","3.58M","-0.05%"
"12/10/2024","92.09","92.26","92.26","92.05","4.80M","0.12%"
"12/09/2024","91.98","92.25","92.25","91.96","4.38M","-0.51%"
"12/06/2024","92.45","92.45","92.58","92.26","4.13M","0.34%"
"12/05/2024","92.14","92.06","92.21","91.95","4.39M","0.13%"
"12/04/2024","92.02","91.48","92.04","91.48","3.91M","0.66%"
"12/03/2024","91.42","91.50","91.60","91.37","4.02M","0.02%"
"12/02/2024","91.40","91.18","91.54","91.14","5.73M","-0.82%"
"11/29/2024","92.15","92.24","92.24","92.06","2.45M","0.28%"
"11/27/2024","91.89","91.68","91.99","91.68","3.48M","0.35%"
"11/26/2024","91.57","91.49","91.58","91.38","4.77M","-0.14%"
"11/25/2024","91.70","91.47","91.74","91.45","7.18M","0.94%"
"11/22/2024","90.85","91.10","91.12","90.76","4.17M","-0.12%"
"11/21/2024","90.96","90.97","91.11","90.89","4.02M","0.04%"
"11/20/2024","90.92","90.71","90.92","90.61","6.01M","0.01%"
"11/19/2024","90.91","90.57","90.99","90.43","5.75M","0.48%"
"11/18/2024","90.48","90.47","90.53","90.14","4.40M","0.12%"
"11/15/2024","90.37","90.19","90.43","90.13","8.48M","-0.14%"
"11/14/2024","90.50","91.03","91.04","90.50","6.24M","-0.25%"
"11/13/2024","90.73","91.10","91.28","90.67","4.80M","0.14%"
"11/12/2024","90.60","90.90","91.00","90.49","7.93M","-0.78%"
"11/11/2024","91.31","91.42","91.42","91.20","2.22M","-0.21%"
"11/08/2024","91.50","91.45","91.50","91.18","7.69M","0.27%"
"11/07/2024","91.25","90.74","91.39","90.57","8.68M","1.09%"
"11/06/2024","90.26","89.67","90.44","89.58","7.36M","-0.32%"
"11/05/2024","90.55","90.22","90.56","89.95","6.38M","0.31%"
"11/04/2024","90.27","90.45","90.61","90.18","4.92M","0.43%"
"11/01/2024","89.88","90.58","90.63","89.84","8.93M","-0.86%"
"10/31/2024","90.66","91.09","91.17","90.66","10.21M","-0.87%"
"10/30/2024","91.46","91.59","91.89","91.40","4.01M","-0.11%"
"10/29/2024","91.56","91.30","91.58","91.15","6.08M","0.52%"
"10/28/2024","91.09","91.10","91.19","90.92","4.66M","-0.19%"
"10/25/2024","91.26","91.69","91.69","91.25","4.62M","0.29%"
"10/24/2024","91.00","90.98","91.07","90.82","4.88M","0.41%"
"10/23/2024","90.63","90.70","90.78","90.48","5.11M","-0.66%"
"10/22/2024","91.23","91.39","91.39","91.14","5.54M","0.06%"
"10/21/2024","91.18","91.70","91.90","91.16","5.71M","-0.99%"
"10/18/2024","92.09","92.09","92.19","92.05","4.61M","0.23%"
"10/17/2024","91.88","92.29","92.29","91.86","6.03M","-0.92%"
"10/16/2024","92.73","92.69","92.76","92.59","3.76M","0.54%"
"10/15/2024","92.24","92.24","92.27","92.05","4.98M","-0.01%"
"10/14/2024","92.25","92.01","92.25","91.90","1.88M","0.21%"
"10/11/2024","92.06","91.90","92.19","91.90","4.00M","0.13%"
"10/10/2024","91.94","92.18","92.18","91.74","5.92M","0.12%"
"10/09/2024","91.83","91.90","92.06","91.73","5.97M","-0.16%"
"10/08/2024","91.98","91.98","92.00","91.87","4.64M","0.16%"
"10/07/2024","91.83","92.18","92.21","91.77","4.69M","-0.74%"
"10/04/2024","92.51","92.44","92.66","92.36","8.88M","-0.09%"
"10/03/2024","92.60","92.82","92.83","92.55","7.98M","-0.42%"
"10/02/2024","92.98","93.00","93.03","92.76","8.47M","-0.22%"
"10/01/2024","93.19","93.22","93.29","93.01","6.21M","-0.41%"
"09/30/2024","93.58","93.54","93.67","93.35","5.79M","0.17%"
"09/27/2024","93.42","93.46","93.55","93.39","5.45M","0.46%"
"09/26/2024","92.99","93.14","93.16","92.78","6.84M","0.14%"
"09/25/2024","92.86","93.06","93.13","92.85","4.84M","-0.58%"
"09/24/2024","93.41","93.23","93.47","93.13","6.01M","0.13%"
"09/23/2024","93.29","93.24","93.42","93.08","5.26M","0.00%"
"09/20/2024","93.29","93.28","93.36","92.95","5.19M","-0.48%"
"09/19/2024","93.74","93.68","93.77","93.52","6.01M","0.44%"
"09/18/2024","93.33","93.48","93.97","93.25","9.52M","-0.29%"
"09/17/2024","93.60","93.74","93.78","93.46","6.27M","-0.02%"
"09/16/2024","93.62","93.20","93.63","93.17","5.28M","0.61%"
"09/13/2024","93.05","92.86","93.12","92.81","5.16M","0.45%"
"09/12/2024","92.63","92.38","92.64","92.32","5.11M","0.16%"
"09/11/2024","92.48","92.03","92.52","92.03","7.22M","0.26%"
"09/10/2024","92.24","92.15","92.34","91.99","5.01M","0.08%"
"09/09/2024","92.17","92.05","92.27","91.90","3.76M","0.56%"
"09/06/2024","91.66","92.00","92.12","91.55","7.80M","-0.23%"
"09/05/2024","91.87","91.61","91.95","91.60","5.51M","0.10%"
"09/04/2024","91.78","91.46","91.87","91.44","7.20M","0.74%"
"09/03/2024","91.11","91.48","91.50","91.05","4.83M","-0.79%"
"08/30/2024","91.84","91.94","92.02","91.64","4.78M","0.09%"
"08/29/2024","91.76","91.83","91.94","91.65","4.48M","-0.04%"
"08/28/2024","91.80","91.99","92.00","91.70","3.24M","-0.45%"
"08/27/2024","92.21","92.21","92.28","92.06","4.37M","-0.13%"
"08/26/2024","92.33","92.52","92.53","92.24","3.21M","0.08%"
"08/23/2024","92.26","91.67","92.30","91.55","9.60M","0.79%"
"08/22/2024","91.53","91.94","92.06","91.48","9.95M","-0.83%"
"08/21/2024","92.30","92.08","92.41","92.00","9.43M","0.58%"
"08/20/2024","91.77","91.68","91.78","91.58","4.95M","-0.05%"
"08/19/2024","91.81","91.56","91.81","91.53","3.31M","0.59%"
"08/16/2024","91.27","91.09","91.29","90.98","3.38M","0.41%"
"08/15/2024","90.90","90.75","90.93","90.54","3.59M","-0.32%"
"08/14/2024","91.19","91.06","91.25","91.00","4.82M","0.22%"
"08/13/2024","90.99","90.84","91.00","90.75","4.94M","0.54%"
"08/12/2024","90.50","90.48","90.50","90.32","2.96M","0.40%"
"08/09/2024","90.14","89.98","90.23","89.98","2.75M","0.16%"
"08/08/2024","90.00","89.74","90.04","89.72","4.41M","0.76%"
"08/07/2024","89.32","89.65","89.84","89.24","7.63M","0.21%"
"08/06/2024","89.14","89.45","89.68","89.10","11.28M","-0.33%"
"08/05/2024","89.43","89.34","89.74","89.24","9.96M","-1.02%"
"08/02/2024","90.35","90.06","90.39","89.86","8.53M","0.67%"
"08/01/2024","89.75","89.87","90.20","89.69","10.28M","-0.49%"
"07/31/2024","90.19","90.01","90.19","89.78","8.13M","0.47%"
"07/30/2024","89.77","89.84","89.84","89.49","5.76M","-0.15%"
"07/29/2024","89.91","89.83","90.06","89.77","4.85M","0.17%"
"07/26/2024","89.76","89.81","89.89","89.45","4.15M","0.85%"
"07/25/2024","89.01","89.00","89.37","89.00","4.76M","-0.12%"
"07/24/2024","89.11","89.60","89.80","89.11","5.46M","-0.65%"
"07/23/2024","89.69","89.68","89.93","89.68","2.74M","0.32%"
"07/22/2024","89.40","89.35","89.67","89.26","5.00M","0.16%"
"07/19/2024","89.26","89.41","89.58","89.22","5.65M","-0.27%"
"07/18/2024","89.50","89.92","90.00","89.44","7.23M","-0.52%"
"07/17/2024","89.97","90.00","90.10","89.90","6.14M","-0.07%"
"07/16/2024","90.03","89.80","90.05","89.75","4.48M","0.16%"
"07/15/2024","89.89","90.26","90.26","89.76","5.00M","-0.13%"
"07/12/2024","90.00","89.86","90.12","89.58","6.54M","-0.10%"
"07/11/2024","90.09","90.15","90.34","89.97","7.05M","0.58%"
"07/10/2024","89.57","89.34","89.59","89.27","5.75M","0.76%"
"07/09/2024","88.90","89.12","89.12","88.77","7.37M","-0.31%"
"07/08/2024","89.18","89.20","89.24","89.07","6.19M","-0.31%"
"07/05/2024","89.45","89.19","89.46","89.12","5.43M","0.94%"
"07/03/2024","88.62","87.99","88.64","87.99","3.88M","0.78%"
"07/02/2024","87.93","87.29","87.95","87.29","7.24M","0.20%"
"07/01/2024","87.75","87.51","88.12","87.51","7.70M","-0.83%"
"06/28/2024","88.48","89.32","89.33","88.47","6.57M","-0.80%"
"06/27/2024","89.19","89.23","89.36","89.10","3.12M","0.38%"
"06/26/2024","88.86","88.91","88.98","88.68","6.21M","-0.62%"
"06/25/2024","89.41","89.39","89.46","89.27","3.53M","-0.01%"
"06/24/2024","89.42","89.38","89.52","89.33","4.12M","0.04%"
"06/21/2024","89.38","89.39","89.51","89.21","5.66M","0.12%"
"06/20/2024","89.27","89.56","89.56","89.08","3.85M","-0.37%"
"06/18/2024","89.60","89.29","89.68","89.19","6.89M","0.66%"
"06/17/2024","89.01","89.29","89.29","88.75","6.69M","-0.30%"
"06/14/2024","89.28","89.21","89.41","89.17","6.13M","-0.12%"
"06/13/2024","89.39","89.44","89.63","89.25","7.29M","0.27%"
"06/12/2024","89.15","89.39","89.57","89.04","7.73M","0.68%"
"06/11/2024","88.55","88.19","88.56","88.19","2.71M","0.38%"
"06/10/2024","88.21","88.19","88.30","87.98","2.47M","-0.02%"
"06/07/2024","88.23","88.66","88.66","88.19","5.31M","-0.78%"
"06/06/2024","88.93","88.77","88.95","88.74","6.80M","-0.23%"
"06/05/2024","89.14","89.06","89.14","88.65","6.39M","0.27%"
"06/04/2024","88.90","88.81","88.95","88.64","4.82M","0.07%"
"06/03/2024","88.84","88.60","88.84","88.40","7.18M","0.04%"
"05/31/2024","88.80","88.83","88.84","88.48","3.41M","0.49%"
"05/30/2024","88.37","88.17","88.49","88.17","4.33M","0.31%"
"05/29/2024","88.09","88.20","88.25","87.98","6.74M","-0.36%"
"05/28/2024","88.41","88.87","88.93","88.33","4.12M","-0.31%"
"05/24/2024","88.69","88.44","88.74","88.41","2.49M","0.11%"
"05/23/2024","88.59","89.15","89.23","88.57","4.83M","-0.68%"
"05/22/2024","89.20","89.15","89.33","89.07","3.41M","-0.04%"
"05/21/2024","89.23","89.22","89.32","89.19","3.20M","0.08%"
"05/20/2024","89.17","89.22","89.22","89.08","2.01M","0.01%"
"05/17/2024","89.16","89.04","89.22","89.02","3.69M","-0.47%"
"05/16/2024","89.58","89.95","89.95","89.57","3.59M","-0.33%"
"05/15/2024","89.88","89.40","89.88","89.35","5.78M","1.05%"
"05/14/2024","88.95","88.80","89.00","88.74","3.05M","0.23%"
"05/13/2024","88.75","88.74","88.88","88.72","2.20M","0.39%"
"05/10/2024","88.41","88.42","88.55","88.28","3.45M","-0.52%"
"05/09/2024","88.87","88.59","88.89","88.57","3.37M","0.63%"
"05/08/2024","88.32","88.29","88.43","88.23","3.70M","-0.66%"
"05/07/2024","88.90","89.19","89.19","88.87","4.84M","0.36%"
"05/06/2024","88.58","88.34","88.60","88.33","3.55M","0.00%"
"05/03/2024","88.58","88.60","88.80","88.28","7.83M","1.11%"
"05/02/2024","87.61","87.11","87.63","86.98","6.83M","0.53%"
"05/01/2024","87.15","86.84","87.64","86.84","7.68M","0.29%"
"04/30/2024","86.90","87.43","87.45","86.90","8.03M","-1.01%"
"04/29/2024","87.79","87.73","87.85","87.51","5.15M","0.49%"
"04/26/2024","87.36","87.15","87.39","87.15","3.07M","0.15%"
"04/25/2024","87.23","86.90","87.30","86.78","6.36M","0.00%"
"04/24/2024","87.23","87.40","87.43","87.04","7.29M","-0.72%"
"04/23/2024","87.86","87.45","87.97","87.45","8.47M","-0.15%"
"04/22/2024","87.99","87.61","88.03","87.54","3.94M","0.54%"
"04/19/2024","87.52","87.58","87.65","87.38","5.00M","0.57%"
"04/18/2024","87.02","87.35","87.37","86.94","5.76M","-0.36%"
"04/17/2024","87.34","87.43","87.53","87.12","7.85M","1.07%"
"04/16/2024","86.41","86.39","86.62","86.15","9.44M","-0.31%"
"04/15/2024","86.68","87.38","87.41","86.55","12.16M","-1.44%"
"04/12/2024","87.95","88.26","88.36","87.90","7.63M","-0.28%"
"04/11/2024","88.20","88.24","88.70","87.97","7.79M","-0.01%"
"04/10/2024","88.21","88.78","88.89","88.09","11.69M","-1.86%"
"04/09/2024","89.88","89.69","89.88","89.60","6.98M","0.67%"
"04/08/2024","89.28","88.33","89.32","88.33","4.39M","0.03%"
"04/05/2024","89.25","88.79","89.33","88.79","6.48M","0.16%"
"04/04/2024","89.11","89.48","89.58","89.05","6.80M","-0.04%"
"04/03/2024","89.15","88.70","89.17","88.50","6.78M","0.50%"
"04/02/2024","88.71","88.14","88.73","88.10","11.51M","0.04%"
"04/01/2024","88.67","89.14","89.14","88.47","5.91M","-0.84%"
"03/28/2024","89.41","89.81","89.81","89.39","5.94M","-0.46%"
"03/27/2024","89.82","89.46","89.82","89.42","5.80M","0.13%"
"03/26/2024","89.71","89.70","89.79","89.63","4.17M","-0.01%"
"03/25/2024","89.72","89.63","89.72","89.54","5.49M","-0.08%"
"03/22/2024","89.79","89.60","89.98","89.60","6.20M","0.32%"
"03/21/2024","89.50","89.79","89.82","89.46","5.60M","0.35%"
"03/20/2024","89.19","89.00","89.28","88.70","5.66M","0.47%"
"03/19/2024","88.77","88.51","88.99","88.46","5.65M","0.46%"
"03/18/2024","88.36","88.38","88.45","88.31","6.63M","0.06%"
"03/15/2024","88.31","88.47","88.49","88.29","5.38M","-0.32%"
"03/14/2024","88.59","89.08","89.17","88.53","13.26M","-0.22%"
"03/13/2024","88.79","88.75","88.97","88.71","5.38M","0.10%"
"03/12/2024","88.70","88.67","88.77","88.49","5.66M","-0.13%"
"03/11/2024","88.82","88.97","89.03","88.79","5.34M","-0.16%"
"03/08/2024","88.96","88.99","89.25","88.88","5.01M","0.11%"
"03/07/2024","88.86","88.94","88.98","88.66","9.07M","-0.02%"
"03/06/2024","88.87","88.92","89.07","88.78","6.32M","0.66%"
"03/05/2024","88.29","88.27","88.50","88.16","8.35M","0.22%"
"03/04/2024","88.10","88.17","88.17","87.96","6.83M","-0.09%"
"03/01/2024","88.18","87.70","88.26","87.44","7.21M","-0.14%"
"02/29/2024","88.30","88.36","88.42","88.26","6.17M","0.63%"
"02/28/2024","87.75","87.67","87.81","87.58","6.39M","-0.08%"
"02/27/2024","87.82","87.90","87.95","87.71","5.65M","0.19%"
"02/26/2024","87.65","88.06","88.15","87.63","6.41M","-0.57%"
"02/23/2024","88.15","87.83","88.28","87.82","6.19M","0.85%"
"02/22/2024","87.41","87.06","87.48","87.06","6.11M","0.63%"
"02/21/2024","86.86","87.12","87.21","86.77","5.77M","-0.37%"
"02/20/2024","87.18","87.16","87.36","87.15","3.81M","-0.01%"
"02/16/2024","87.19","87.22","87.44","87.14","6.21M","-0.68%"
"02/15/2024","87.79","87.58","87.79","87.39","7.13M","0.82%"
"02/14/2024","87.08","86.78","87.18","86.76","4.94M","0.68%"
"02/13/2024","86.49","86.78","86.89","86.42","10.95M","-0.95%"
"02/12/2024","87.32","87.30","87.45","87.24","3.73M","-0.19%"
"02/09/2024","87.49","87.23","87.49","87.18","3.69M","0.03%"
"02/08/2024","87.46","87.46","87.62","87.41","5.17M","0.16%"
"02/07/2024","87.32","87.38","87.51","87.20","6.45M","-0.14%"
"02/06/2024","87.44","87.03","87.56","86.93","6.42M","0.91%"
"02/05/2024","86.65","86.95","87.01","86.53","9.15M","-1.13%"
"02/02/2024","87.64","87.59","87.83","87.46","8.21M","-0.80%"
"02/01/2024","88.35","88.10","88.52","87.98","11.16M","0.42%"
"01/31/2024","87.98","88.18","88.53","87.81","7.83M","0.10%"
"01/30/2024","87.89","87.70","87.90","87.47","4.12M","0.23%"
"01/29/2024","87.69","87.56","87.77","87.12","4.94M","0.38%"
"01/26/2024","87.36","87.19","87.41","87.03","3.70M","0.15%"
"01/25/2024","87.23","86.93","87.23","86.90","6.47M","0.71%"
"01/24/2024","86.61","87.06","87.23","86.52","6.17M","-0.28%"
"01/23/2024","86.85","86.94","87.04","86.54","7.75M","-0.80%"
"01/22/2024","87.55","87.53","87.69","87.31","7.58M","0.07%"
"01/19/2024","87.49","87.40","87.49","87.08","6.27M","0.05%"
"01/18/2024","87.45","87.51","87.65","87.20","5.80M","0.39%"
"01/17/2024","87.11","87.15","87.20","86.89","7.21M","-0.66%"
"01/16/2024","87.69","88.29","88.29","87.56","4.90M","-0.93%"
"01/12/2024","88.51","88.45","88.78","88.38","7.68M","0.18%"
"01/11/2024","88.35","87.89","88.40","87.62","7.74M","0.90%"
"01/10/2024","87.56","87.48","87.67","87.39","5.61M","1.00%"
"01/09/2024","86.69","86.57","86.92","86.57","7.95M","-0.67%"
"01/08/2024","87.28","86.97","87.49","86.97","6.38M","0.41%"
"01/05/2024","86.92","86.73","87.70","86.69","9.77M","-0.31%"
"01/04/2024","87.19","87.02","87.35","87.02","6.26M","-0.46%"
"01/03/2024","87.59","87.26","87.63","86.96","12.09M","-0.67%"
"01/02/2024","88.18","88.74","88.77","88.09","11.54M","-0.71%"
"12/29/2023","88.81","88.96","89.19","88.79","3.82M","-0.70%"
"12/28/2023","89.43","89.42","89.60","89.25","2.70M","-0.28%"
"12/27/2023","89.68","89.48","89.73","89.35","3.33M","0.64%"
"12/26/2023","89.11","88.70","89.11","88.66","2.65M","0.07%"
"12/22/2023","89.04","89.18","89.31","88.94","1.79M","-0.13%"
"12/21/2023","89.16","89.38","89.48","88.95","2.71M","0.18%"
"12/20/2023","89.00","89.02","89.17","88.96","3.03M","0.01%"
"12/19/2023","88.99","88.81","89.14","88.78","4.79M","0.25%"
"12/18/2023","88.77","88.83","88.93","88.59","6.36M","0.02%"
"12/15/2023","88.75","88.77","88.99","88.60","5.15M","-0.14%"
"12/14/2023","88.87","88.73","89.06","88.61","9.35M","0.91%"
"12/13/2023","88.07","86.77","88.07","86.67","13.65M","1.66%"
"12/12/2023","86.63","86.48","86.70","86.23","8.05M","-0.08%"
"12/11/2023","86.70","86.68","86.80","86.38","5.50M","0.12%"
"12/08/2023","86.59","86.41","86.67","86.35","7.28M","-0.63%"
"12/07/2023","87.14","87.06","87.40","87.06","5.61M","0.18%"
"12/06/2023","86.98","87.01","87.06","86.69","7.59M","0.55%"
"12/05/2023","86.50","86.33","86.64","86.18","5.62M","0.58%"
"12/04/2023","86.00","85.93","86.05","85.69","6.38M","-0.97%"
"12/01/2023","86.85","85.50","86.86","85.38","12.64M","1.43%"
"11/30/2023","85.63","86.04","86.06","85.39","8.84M","-0.71%"
"11/29/2023","86.23","85.95","86.23","85.83","7.60M","0.51%"
"11/28/2023","85.80","85.21","85.83","85.06","16.02M","0.52%"
"11/27/2023","85.36","84.99","85.40","84.85","5.16M","0.72%"
"11/24/2023","84.75","84.76","84.84","84.64","1.82M","-0.20%"
"11/22/2023","84.92","84.66","84.92","84.38","8.19M","0.50%"
"11/21/2023","84.50","84.54","84.69","84.29","4.79M","-0.28%"
"11/20/2023","84.74","84.07","84.83","84.00","5.57M","0.63%"
"11/17/2023","84.21","84.11","84.32","83.97","6.15M","0.61%"
"11/16/2023","83.70","83.36","83.80","83.36","6.22M","0.54%"
"11/15/2023","83.25","83.56","83.65","83.18","5.01M","-0.34%"
"11/14/2023","83.53","83.21","83.62","83.15","11.43M","1.45%"
"11/13/2023","82.34","82.21","82.50","82.01","5.48M","-0.25%"
"11/10/2023","82.54","82.44","82.57","82.24","5.26M","0.15%"
"11/09/2023","82.42","83.01","83.10","82.29","6.05M","-1.02%"
"11/08/2023","83.27","83.08","83.29","83.07","4.68M","0.19%"
"11/07/2023","83.11","82.94","83.25","82.89","5.95M","0.34%"
"11/06/2023","82.83","83.20","83.25","82.77","7.71M","-0.54%"
"11/03/2023","83.28","83.31","83.64","83.20","9.05M","0.98%"
"11/02/2023","82.47","82.37","82.72","82.26","9.21M","1.00%"
"11/01/2023","81.66","80.74","81.70","80.65","12.80M","0.86%"
"10/31/2023","80.96","81.06","81.28","80.94","5.37M","-0.31%"
"10/30/2023","81.21","81.04","81.28","80.93","4.73M","0.55%"
"10/27/2023","80.77","80.77","80.85","80.55","3.55M","0.05%"
"10/26/2023","80.73","80.57","80.85","80.43","5.26M","0.11%"
"10/25/2023","80.64","80.92","80.97","80.54","5.21M","-0.75%"
"10/24/2023","81.25","80.88","81.28","80.72","5.01M","1.08%"
"10/23/2023","80.38","79.80","80.69","79.64","6.48M","0.29%"
"10/20/2023","80.15","80.19","80.29","80.00","6.85M","0.55%"
"10/19/2023","79.71","80.18","80.66","79.70","9.76M","-0.73%"
"10/18/2023","80.30","80.47","80.57","80.10","6.89M","-0.64%"
"10/17/2023","80.82","80.62","80.98","80.57","4.33M","-0.48%"
"10/16/2023","81.21","81.06","81.31","81.05","4.71M","0.17%"
"10/13/2023","81.07","81.40","81.53","80.95","6.17M","0.00%"
"10/12/2023","81.07","81.75","81.75","80.93","6.08M","-0.77%"
"10/11/2023","81.70","81.63","81.70","81.27","6.30M","0.81%"
"10/10/2023","81.04","80.82","81.54","80.73","8.59M","0.16%"
"10/09/2023","80.91","80.40","80.93","80.14","3.44M","0.21%"
"10/06/2023","80.74","80.04","80.89","79.84","7.13M","0.32%"
"10/05/2023","80.48","80.76","80.81","80.35","4.51M","-0.32%"
"10/04/2023","80.74","80.70","80.84","80.32","8.24M","0.47%"
"10/03/2023","80.36","81.02","81.15","80.22","8.12M","-1.12%"
"10/02/2023","81.27","81.82","81.89","81.25","9.07M","-1.51%"
"09/29/2023","82.52","83.09","83.13","82.42","6.97M","-0.11%"
"09/28/2023","82.61","82.03","82.62","81.84","8.53M","0.52%"
"09/27/2023","82.19","82.85","82.94","82.08","8.38M","-0.71%"
"09/26/2023","82.78","83.27","83.32","82.69","12.53M","-0.67%"
"09/25/2023","83.33","83.47","83.47","83.28","5.23M","-0.57%"
"09/22/2023","83.81","83.75","84.02","83.70","4.93M","0.41%"
"09/21/2023","83.47","83.74","83.78","83.34","9.74M","-1.01%"
"09/20/2023","84.32","84.65","84.87","84.32","5.41M","-0.08%"
"09/19/2023","84.39","84.41","84.49","84.30","3.25M","-0.12%"
"09/18/2023","84.49","84.39","84.56","84.35","2.50M","0.06%"
"09/15/2023","84.44","84.64","84.65","84.43","5.20M","-0.05%"
"09/14/2023","84.48","84.61","84.73","84.43","5.67M","0.04%"
"09/13/2023","84.45","84.40","84.55","84.22","3.38M","0.06%"
"09/12/2023","84.40","84.29","84.43","84.19","2.63M","0.07%"
"09/11/2023","84.34","84.23","84.36","84.18","2.91M","-0.15%"
"09/08/2023","84.47","84.60","84.78","84.36","3.57M","0.08%"
"09/07/2023","84.40","84.10","84.41","84.05","3.76M","0.53%"
"09/06/2023","83.95","84.07","84.20","83.83","5.02M","-0.15%"
"09/05/2023","84.08","84.60","84.64","84.05","5.06M","-0.97%"
"09/01/2023","84.91","85.29","85.33","84.57","5.21M","-0.66%"
"08/31/2023","85.48","85.44","85.61","85.43","3.93M","-0.09%"
"08/30/2023","85.56","85.57","85.73","85.48","3.96M","-0.27%"
"08/29/2023","85.78","84.89","85.80","84.88","5.65M","1.03%"
"08/28/2023","84.91","84.86","85.00","84.76","3.30M","0.03%"
"08/25/2023","84.88","84.81","85.15","84.61","4.68M","0.44%"
"08/24/2023","84.51","84.95","84.95","84.47","5.07M","-0.96%"
"08/23/2023","85.33","84.63","85.33","84.59","5.30M","1.61%"
"08/22/2023","83.98","83.97","84.08","83.86","5.62M","0.27%"
"08/21/2023","83.75","84.09","84.09","83.63","5.36M","-0.50%"
"08/18/2023","84.17","84.11","84.40","84.04","4.20M","-0.02%"
"08/17/2023","84.19","84.21","84.30","84.01","6.23M","-0.08%"
"08/16/2023","84.26","84.59","84.68","84.25","6.89M","-0.19%"
"08/15/2023","84.42","84.73","84.77","84.41","8.91M","-0.56%"
"08/14/2023","84.90","85.15","85.16","84.86","4.34M","-0.80%"
"08/11/2023","85.59","85.80","85.89","85.53","4.95M","-0.52%"
"08/10/2023","86.03","86.41","86.72","86.02","4.23M","-0.38%"
"08/09/2023","86.36","86.29","86.40","86.17","3.01M","0.50%"
"08/08/2023","85.93","85.96","86.03","85.75","4.01M","0.26%"
"08/07/2023","85.72","85.86","85.96","85.68","2.72M","-0.61%"
"08/04/2023","86.24","85.70","86.39","85.70","6.34M","1.62%"
"08/03/2023","84.87","85.14","85.19","84.85","7.35M","-1.13%"
"08/02/2023","85.84","86.29","86.29","85.53","8.75M","-0.72%"
"08/01/2023","86.46","86.88","86.93","86.46","8.95M","-1.39%"
"07/31/2023","87.68","87.64","87.79","87.50","4.71M","0.14%"
"07/28/2023","87.56","87.08","87.57","86.99","4.31M","1.50%"
"07/27/2023","86.26","87.16","87.17","86.22","6.57M","-1.23%"
"07/26/2023","87.34","87.24","87.47","87.05","3.51M","0.32%"
"07/25/2023","87.06","86.94","87.15","86.82","3.30M","0.16%"
"07/24/2023","86.92","87.08","87.21","86.86","5.91M","0.20%"
"07/21/2023","86.75","86.71","86.89","86.62","6.04M","0.03%"
"07/20/2023","86.73","86.94","86.95","86.57","6.90M","-0.32%"
"07/19/2023","87.01","87.21","87.38","86.89","6.56M","-0.56%"
"07/18/2023","87.50","87.15","87.60","87.13","5.54M","0.49%"
"07/17/2023","87.07","86.88","87.14","86.85","2.21M","0.44%"
"07/14/2023","86.69","87.00","87.05","86.68","3.91M","-0.87%"
"07/13/2023","87.45","87.19","87.53","87.01","6.89M","1.09%"
"07/12/2023","86.51","86.21","86.58","86.17","4.95M","1.48%"
"07/11/2023","85.25","85.13","85.28","85.05","5.98M","0.35%"
"07/10/2023","84.95","84.69","85.00","84.69","3.79M","0.71%"
"07/07/2023","84.35","84.29","84.65","84.03","5.41M","-0.12%"
"07/06/2023","84.45","85.04","85.04","84.31","7.82M","-1.43%"
"07/05/2023","85.68","85.96","85.96","85.58","5.23M","-0.51%"
"07/03/2023","86.11","85.97","86.16","85.87","5.08M","-0.21%"
"06/30/2023","86.29","85.93","86.37","85.88","4.94M","0.72%"
"06/29/2023","85.68","85.80","85.80","85.52","4.32M","-0.53%"
"06/28/2023","86.13","86.09","86.19","85.92","4.50M","0.07%"
"06/27/2023","86.07","86.12","86.28","85.96","4.38M","0.00%"
"06/26/2023","86.07","86.03","86.17","85.95","3.70M","0.31%"
"06/23/2023","85.80","85.93","86.16","85.80","2.92M","0.12%"
"06/22/2023","85.71","85.86","85.92","85.62","3.85M","-0.67%"
"06/21/2023","86.28","85.93","86.45","85.70","11.18M","0.52%"
"06/20/2023","85.83","85.90","86.13","85.82","3.89M","0.05%"
"06/16/2023","85.79","86.02","86.03","85.71","2.51M","-0.39%"
"06/15/2023","86.13","85.85","86.13","85.69","5.59M","0.51%"
"06/14/2023","85.69","85.54","85.89","85.26","3.56M","0.21%"
"06/13/2023","85.51","85.72","85.91","85.32","3.64M","-0.15%"
"06/12/2023","85.64","85.47","85.68","85.22","5.52M","0.84%"
"06/09/2023","84.93","84.89","85.10","84.85","3.42M","-0.40%"
"06/08/2023","85.27","84.81","85.28","84.79","4.12M","0.85%"
"06/07/2023","84.55","84.98","85.10","84.54","3.86M","-0.87%"
"06/06/2023","85.29","85.04","85.32","84.84","3.85M","0.18%"
"06/05/2023","85.14","84.91","85.16","84.77","6.43M","0.62%"
"06/02/2023","84.62","84.83","84.89","84.57","4.72M","-0.44%"
"06/01/2023","84.99","84.50","84.99","84.39","9.88M","0.53%"
"05/31/2023","84.54","84.27","84.74","84.27","4.62M","-0.41%"
"05/30/2023","84.89","84.53","84.90","84.48","4.48M","1.05%"
"05/26/2023","84.01","83.65","84.04","83.65","4.15M","0.13%"
"05/25/2023","83.90","84.27","84.34","83.80","4.02M","-0.26%"
"05/24/2023","84.12","84.46","84.46","84.03","4.77M","-0.17%"
"05/23/2023","84.26","84.23","84.30","83.99","3.19M","0.12%"
"05/22/2023","84.16","84.32","84.38","84.08","3.58M","-0.01%"
"05/19/2023","84.17","84.31","84.46","84.14","4.41M","-0.01%"
"05/18/2023","84.18","84.35","84.43","84.15","4.42M","-0.40%"
"05/17/2023","84.52","84.65","84.72","84.44","4.03M","0.01%"
"05/16/2023","84.51","84.68","84.74","84.47","2.82M","-0.39%"
"05/15/2023","84.84","84.84","84.95","84.79","4.74M","-0.43%"
"05/12/2023","85.21","85.58","85.67","85.18","5.07M","-0.63%"
"05/11/2023","85.75","85.76","85.88","85.60","3.56M","0.60%"
"05/10/2023","85.24","85.21","85.29","85.09","3.71M","0.55%"
"05/09/2023","84.77","84.76","84.87","84.65","3.09M","-0.05%"
"05/08/2023","84.81","84.98","84.98","84.72","3.41M","-0.40%"
"05/05/2023","85.15","84.90","85.22","84.85","4.07M","0.28%"
"05/04/2023","84.91","85.35","85.35","84.86","6.76M","-0.50%"
"05/03/2023","85.34","85.31","85.58","85.16","3.69M","0.32%"
"05/02/2023","85.07","84.87","85.17","84.80","4.14M","0.42%"
"05/01/2023","84.71","85.14","85.33","84.58","7.07M","-1.39%"
"04/28/2023","85.90","85.44","85.90","85.44","7.02M","0.93%"
"04/27/2023","85.12","85.19","85.22","85.04","3.66M","-0.26%"
"04/26/2023","85.34","85.69","85.76","85.28","5.07M","-0.27%"
"04/25/2023","85.57","85.21","85.68","85.21","4.33M","0.90%"
"04/24/2023","84.81","84.47","84.85","84.47","4.88M","-0.01%"
"04/21/2023","84.82","85.01","85.12","84.64","2.95M","0.30%"
"04/20/2023","84.57","84.60","84.79","84.51","6.16M","-0.40%"
"04/19/2023","84.91","85.00","85.09","84.87","5.47M","-0.20%"
"04/18/2023","85.08","85.00","85.36","85.00","4.67M","-0.31%"
"04/17/2023","85.34","85.71","85.72","85.18","6.17M","-0.64%"
"04/14/2023","85.89","85.89","86.06","85.67","4.16M","0.08%"
"04/13/2023","85.82","85.92","86.10","85.75","2.99M","0.10%"
"04/12/2023","85.73","85.98","86.09","85.49","4.64M","0.29%"
"04/11/2023","85.49","85.61","85.66","85.43","4.43M","-0.18%"
"04/10/2023","85.64","85.64","85.71","85.45","4.06M","-0.24%"
"04/06/2023","85.84","85.94","85.99","85.77","3.56M","-0.10%"
"04/05/2023","85.93","85.94","86.17","85.69","4.97M","-0.49%"
"04/04/2023","86.36","86.10","86.45","86.04","4.68M","0.14%"
"04/03/2023","86.24","85.98","86.35","85.85","6.28M","0.24%"
"03/31/2023","86.03","85.59","86.15","85.56","7.20M","0.35%"
"03/30/2023","85.73","85.57","85.77","85.41","6.49M","0.98%"
"03/29/2023","84.90","84.74","84.91","84.67","6.39M","0.48%"
"03/28/2023","84.49","84.77","84.80","84.33","11.90M","-0.64%"
"03/27/2023","85.03","85.05","85.28","84.99","4.24M","-0.42%"
"03/24/2023","85.39","85.60","85.84","85.34","4.95M","-0.55%"
"03/23/2023","85.86","85.51","85.86","85.33","6.41M","0.36%"
"03/22/2023","85.55","84.78","86.06","84.63","9.08M","0.87%"
"03/21/2023","84.81","84.79","84.92","84.62","5.54M","1.00%"
"03/20/2023","83.97","83.83","84.32","83.83","9.52M","-0.27%"
"03/17/2023","84.20","84.60","84.65","84.19","20.25M","-0.16%"
"03/16/2023","84.34","84.76","84.92","84.14","7.36M","-0.71%"
"03/15/2023","84.94","84.60","84.95","84.30","11.38M","0.37%"
"03/14/2023","84.63","84.89","85.19","84.50","7.25M","0.01%"
"03/13/2023","84.62","84.51","85.41","84.49","14.66M","-0.16%"
"03/10/2023","84.76","84.64","84.93","84.40","8.83M","0.65%"
"03/09/2023","84.21","84.42","84.70","84.10","11.88M","0.02%"
"03/08/2023","84.19","84.58","84.99","84.08","6.78M","-0.19%"
"03/07/2023","84.35","84.87","84.89","84.17","7.00M","-0.41%"
"03/06/2023","84.70","85.23","85.25","84.62","4.66M","-0.68%"
"03/03/2023","85.28","84.60","85.30","84.50","6.30M","1.54%"
"03/02/2023","83.99","83.71","84.08","83.60","8.89M","-0.37%"
"03/01/2023","84.30","84.75","84.85","84.24","7.30M","-1.10%"
"02/28/2023","85.24","85.19","85.38","84.80","5.70M","-0.42%"
"02/27/2023","85.60","85.62","85.71","85.26","6.83M","0.50%"
"02/24/2023","85.17","85.00","85.35","84.85","5.16M","-0.69%"
"02/23/2023","85.76","85.32","85.83","85.05","7.93M","1.60%"
"02/22/2023","84.41","84.60","84.83","84.33","8.90M","0.39%"
"02/21/2023","84.08","84.69","84.75","84.01","7.28M","-1.51%"
"02/17/2023","85.37","85.11","85.43","85.00","8.94M","0.04%"
"02/16/2023","85.34","85.69","85.81","85.32","8.21M","-0.65%"
"02/15/2023","85.90","85.90","86.06","85.68","8.66M","-0.29%"
"02/14/2023","86.15","86.20","86.36","85.72","13.11M","0.06%"
"02/13/2023","86.10","86.11","86.25","85.86","6.72M","0.28%"
"02/10/2023","85.86","86.30","86.34","85.55","10.12M","-0.77%"
"02/09/2023","86.53","87.53","87.64","86.39","7.79M","-0.65%"
"02/08/2023","87.10","87.15","87.24","86.66","7.53M","-0.06%"
"02/07/2023","87.15","87.06","87.82","86.76","8.38M","0.09%"
"02/06/2023","87.07","87.50","87.58","87.00","9.00M","-1.42%"
"02/03/2023","88.32","88.37","88.79","88.24","9.06M","-1.37%"
"02/02/2023","89.55","89.79","89.97","89.33","14.19M","0.32%"
"02/01/2023","89.26","88.02","89.32","87.87","8.47M","1.54%"
"01/31/2023","87.91","87.70","87.97","87.50","10.03M","0.49%"
"01/30/2023","87.48","87.92","88.25","87.48","6.65M","-1.28%"
"01/27/2023","88.61","88.27","88.75","88.27","4.15M","-0.19%"
"01/26/2023","88.78","88.52","88.81","88.21","5.84M","0.00%"
"01/25/2023","88.78","88.46","88.80","88.31","6.29M","-0.07%"
"01/24/2023","88.84","88.18","88.87","88.01","6.43M","0.44%"
"01/23/2023","88.45","88.35","88.64","88.25","4.27M","-0.06%"
"01/20/2023","88.50","88.33","88.54","88.18","6.13M","-0.23%"
"01/19/2023","88.70","88.63","88.84","88.28","10.62M","-0.28%"
"01/18/2023","88.95","89.08","89.48","88.61","13.41M","1.18%"
"01/17/2023","87.91","87.32","88.04","87.25","7.29M","0.10%"
"01/13/2023","87.82","87.66","88.21","87.62","7.73M","-0.24%"
"01/12/2023","88.03","87.41","88.15","86.66","11.07M","1.18%"
"01/11/2023","87.00","87.00","87.17","86.75","21.64M","1.14%"
"01/10/2023","86.02","86.14","86.14","85.74","8.73M","-0.62%"
"01/09/2023","86.56","86.26","86.92","86.15","8.38M","-0.20%"
"01/06/2023","86.73","85.35","86.75","85.23","8.14M","1.77%"
"01/05/2023","85.22","85.17","85.38","84.88","6.63M","-0.91%"
"01/04/2023","86.00","85.67","86.09","85.53","6.32M","1.22%"
"01/03/2023","84.96","85.60","85.62","84.91","6.54M","0.44%"
"12/30/2022","84.59","84.71","84.86","84.42","2.47M","-0.49%"
"12/29/2022","85.01","84.96","85.13","84.62","4.33M","0.77%"
"12/28/2022","84.36","84.84","85.11","84.28","5.82M","-0.37%"
"12/27/2022","84.67","85.06","85.08","84.63","2.36M","-0.60%"
"12/23/2022","85.18","85.38","85.48","84.98","2.27M","-0.54%"
"12/22/2022","85.64","86.04","86.04","85.41","4.47M","-0.51%"
"12/21/2022","86.08","85.75","86.18","85.64","6.67M","1.31%"
"12/20/2022","84.97","84.93","85.23","84.75","5.48M","-0.50%"
"12/19/2022","85.40","85.72","85.78","85.34","5.36M","-0.55%"
"12/16/2022","85.87","85.96","86.07","85.58","5.66M","-0.52%"
"12/15/2022","86.32","86.69","86.79","86.08","6.10M","-0.92%"
"12/14/2022","87.12","87.18","87.56","86.22","6.37M","-0.15%"
"12/13/2022","87.25","88.38","88.39","87.09","10.83M","0.96%"
"12/12/2022","86.42","86.56","86.63","86.17","5.20M","0.37%"
"12/09/2022","86.10","86.36","86.73","86.10","6.39M","-0.69%"
"12/08/2022","86.70","86.86","87.18","86.54","5.67M","-0.18%"
"12/07/2022","86.86","86.14","86.88","86.13","6.65M","1.45%"
"12/06/2022","85.62","85.97","86.03","85.37","6.51M","-0.55%"
"12/05/2022","86.09","86.72","86.92","85.97","6.93M","-1.53%"
"12/02/2022","87.43","86.51","87.44","86.31","5.63M","-0.42%"
"12/01/2022","87.80","86.53","87.86","86.35","13.70M","1.59%"
"11/30/2022","86.43","85.46","86.57","85.29","5.68M","1.14%"
"11/29/2022","85.46","85.33","85.60","85.10","4.72M","0.46%"
"11/28/2022","85.07","85.41","85.63","84.98","5.45M","-0.40%"
"11/25/2022","85.41","84.96","85.43","84.96","1.72M","0.46%"
"11/23/2022","85.02","84.68","85.17","84.56","2.95M","0.65%"
"11/22/2022","84.47","83.92","84.48","83.90","5.78M","1.04%"
"11/21/2022","83.60","83.93","83.99","83.43","4.63M","0.01%"
"11/18/2022","83.59","83.93","84.02","83.24","4.39M","0.00%"
"11/17/2022","83.59","83.39","83.85","83.29","6.66M","-0.90%"
"11/16/2022","84.35","84.27","84.49","84.05","10.06M","0.00%"
"11/15/2022","84.35","83.96","84.41","83.04","19.59M","1.88%"
"11/14/2022","82.79","82.94","83.26","82.73","9.61M","-0.85%"
"11/11/2022","83.50","83.64","83.79","83.00","6.56M","-0.02%"
"11/10/2022","83.52","82.23","83.57","82.09","14.98M","4.60%"
"11/09/2022","79.85","80.67","81.29","79.49","11.74M","-1.35%"
"11/08/2022","80.94","80.55","81.31","80.43","5.41M","0.70%"
"11/07/2022","80.38","80.66","80.66","80.10","4.68M","-0.04%"
"11/04/2022","80.41","79.87","80.54","79.64","10.25M","1.60%"
"11/03/2022","79.14","78.52","79.33","78.24","9.38M","-0.35%"
"11/02/2022","79.42","80.03","80.92","79.29","8.73M","-0.76%"
"11/01/2022","80.03","79.70","80.08","79.26","11.20M","1.43%"
"10/31/2022","78.90","79.66","79.66","78.74","27.07M","-1.55%"
"10/28/2022","80.14","79.81","80.36","79.77","4.78M","0.25%"
"10/27/2022","79.94","79.75","80.29","79.59","6.90M","0.23%"
"10/26/2022","79.76","79.26","80.22","79.26","7.02M","0.66%"
"10/25/2022","79.24","78.33","79.31","78.24","9.29M","1.73%"
"10/24/2022","77.89","77.64","78.26","77.26","7.39M","-0.06%"
"10/21/2022","77.94","76.99","77.99","76.35","10.79M","1.10%"
"10/20/2022","77.09","77.36","78.09","76.85","6.57M","-1.01%"
"10/19/2022","77.88","78.09","78.40","77.74","8.65M","-1.49%"
"10/18/2022","79.06","78.64","79.13","78.18","9.07M","1.06%"
"10/17/2022","78.23","78.50","78.94","78.14","7.34M","0.55%"
"10/14/2022","77.80","79.06","79.06","77.74","8.05M","-0.74%"
"10/13/2022","78.38","77.33","78.89","77.09","9.20M","-0.31%"
"10/12/2022","78.62","78.90","78.91","78.39","6.76M","-0.35%"
"10/11/2022","78.90","78.89","79.36","78.50","9.68M","-0.08%"
"10/10/2022","78.96","79.43","79.43","78.45","2.40M","-0.29%"
"10/07/2022","79.19","79.65","79.82","79.00","6.04M","-1.35%"
"10/06/2022","80.27","80.72","80.95","80.10","8.47M","-0.38%"
"10/05/2022","80.58","80.83","80.89","80.17","11.03M","-1.42%"
"10/04/2022","81.74","81.67","81.93","81.34","9.84M","1.88%"
"10/03/2022","80.23","79.74","80.96","79.65","13.61M","1.05%"
"09/30/2022","79.40","80.01","80.05","79.21","11.58M","-0.23%"
"09/29/2022","79.58","79.74","79.90","78.71","8.97M","-1.27%"
"09/28/2022","80.60","79.01","80.65","78.80","10.07M","2.40%"
"09/27/2022","78.71","80.43","80.55","78.59","13.91M","-1.60%"
"09/26/2022","79.99","80.94","81.30","79.80","11.94M","-2.36%"
"09/23/2022","81.92","82.42","82.43","81.41","9.75M","-1.21%"
"09/22/2022","82.92","83.46","83.46","82.61","7.30M","-0.67%"
"09/21/2022","83.48","83.89","84.24","83.11","7.39M","-0.29%"
"09/20/2022","83.72","83.78","83.94","83.49","4.27M","-0.92%"
"09/19/2022","84.50","84.01","84.52","83.97","4.83M","0.35%"
"09/16/2022","84.20","83.96","84.53","83.88","5.54M","-0.54%"
"09/15/2022","84.66","84.76","85.27","84.49","6.52M","-0.07%"
"09/14/2022","84.72","84.61","85.13","84.55","5.21M","-0.07%"
"09/13/2022","84.78","84.92","85.29","84.71","6.78M","-1.53%"
"09/12/2022","86.10","86.51","86.71","86.07","4.48M","-0.03%"
"09/09/2022","86.13","85.79","86.38","85.79","7.07M","0.61%"
"09/08/2022","85.61","85.37","85.80","85.18","5.66M","0.04%"
"09/07/2022","85.58","84.61","85.61","84.42","7.90M","1.52%"
"09/06/2022","84.30","84.89","85.05","84.18","7.78M","-0.92%"
"09/02/2022","85.08","85.22","85.93","84.61","7.37M","0.35%"
"09/01/2022","84.78","84.50","84.85","84.24","8.19M","-0.61%"
"08/31/2022","85.30","85.75","85.88","85.26","4.06M","-0.80%"
"08/30/2022","85.99","86.36","86.43","85.52","4.85M","-0.03%"
"08/29/2022","86.02","86.38","86.38","85.89","4.39M","-0.60%"
"08/26/2022","86.54","87.75","87.93","86.54","4.75M","-1.56%"
"08/25/2022","87.91","87.32","87.91","86.88","3.94M","1.06%"
"08/24/2022","86.99","87.24","87.39","86.86","3.07M","-0.09%"
"08/23/2022","87.07","86.65","87.44","86.52","5.33M","1.06%"
"08/22/2022","86.16","86.37","86.38","86.00","5.20M","-0.74%"
"08/19/2022","86.80","87.42","87.55","86.78","6.27M","-1.52%"
"08/18/2022","88.14","88.30","88.31","87.88","4.02M","-0.11%"
"08/17/2022","88.24","88.31","88.44","87.63","7.84M","-1.10%"
"08/16/2022","89.22","89.22","89.50","88.89","9.59M","-0.87%"
"08/15/2022","90.00","89.76","90.51","89.68","11.60M","-0.19%"
"08/12/2022","90.17","89.55","90.23","89.43","6.93M","0.76%"
"08/11/2022","89.49","90.50","90.71","89.29","10.30M","-0.41%"
"08/10/2022","89.86","89.20","90.17","88.87","8.86M","1.79%"
"08/09/2022","88.28","89.16","89.25","88.26","6.20M","-1.67%"
"08/08/2022","89.78","89.01","89.85","89.00","7.12M","1.48%"
"08/05/2022","88.47","87.71","88.47","87.60","5.13M","-0.20%"
"08/04/2022","88.65","88.61","88.99","88.48","6.18M","0.21%"
"08/03/2022","88.46","87.12","88.53","87.02","4.49M","1.92%"
"08/02/2022","86.79","87.62","87.71","86.79","6.27M","-1.45%"
"08/01/2022","88.07","87.68","88.25","87.48","4.35M","0.06%"
"07/29/2022","88.02","87.71","88.35","87.70","6.62M","0.39%"
"07/28/2022","87.68","86.93","87.81","86.84","6.68M","1.29%"
"07/27/2022","86.56","85.40","86.69","85.32","5.73M","1.51%"
"07/26/2022","85.27","85.74","85.83","85.15","6.87M","-0.93%"
"07/25/2022","86.07","85.64","86.15","85.64","5.46M","0.07%"
"07/22/2022","86.01","85.39","86.01","85.39","5.03M","1.09%"
"07/21/2022","85.08","84.74","85.14","84.73","7.45M","0.56%"
"07/20/2022","84.61","84.19","84.66","84.08","6.21M","0.79%"
"07/19/2022","83.95","82.98","83.98","82.93","6.15M","1.46%"
"07/18/2022","82.74","83.14","83.52","82.60","7.83M","0.05%"
"07/15/2022","82.70","82.56","82.96","82.36","6.16M","1.00%"
"07/14/2022","81.88","82.37","82.54","81.87","10.21M","-1.75%"
"07/13/2022","83.34","82.37","83.41","82.26","11.47M","-0.41%"
"07/12/2022","83.68","83.41","83.78","83.37","7.33M","-0.29%"
"07/11/2022","83.92","84.38","84.57","83.54","9.39M","-0.84%"
"07/08/2022","84.63","84.83","84.83","84.22","3.60M","-0.47%"
"07/07/2022","85.03","84.97","85.29","84.91","5.54M","0.29%"
"07/06/2022","84.78","85.12","85.33","84.68","5.24M","-0.81%"
"07/05/2022","85.47","85.22","85.51","85.00","4.72M","-0.79%"
"07/01/2022","86.15","85.68","86.35","85.68","6.10M","0.97%"
"06/30/2022","85.32","84.71","85.47","84.28","5.88M","0.41%"
"06/29/2022","84.97","84.58","85.03","84.07","5.63M","0.37%"
"06/28/2022","84.66","85.17","85.34","84.45","5.85M","-0.76%"
"06/27/2022","85.31","86.20","86.29","85.28","7.76M","-1.36%"
"06/24/2022","86.49","86.37","86.96","86.31","2.83M","0.13%"
"06/23/2022","86.38","86.21","86.48","86.06","6.70M","0.66%"
"06/22/2022","85.81","85.78","86.20","85.75","4.42M","0.15%"
"06/21/2022","85.68","85.70","86.29","85.56","6.65M","-0.29%"
"06/17/2022","85.93","85.93","86.21","85.25","7.68M","0.54%"
"06/16/2022","85.47","85.29","85.77","84.75","10.93M","-2.22%"
"06/15/2022","87.41","86.05","87.54","84.95","10.11M","2.99%"
"06/14/2022","84.87","85.79","85.93","84.43","9.13M","-0.05%"
"06/13/2022","84.91","85.67","85.89","84.32","11.60M","-2.65%"
"06/10/2022","87.22","88.17","88.29","87.17","9.10M","-1.68%"
"06/09/2022","88.71","89.21","89.33","88.62","6.64M","-0.83%"
"06/08/2022","89.45","89.93","90.05","89.41","5.42M","-0.99%"
"06/07/2022","90.34","89.90","90.47","89.88","4.52M","0.59%"
"06/06/2022","89.81","90.92","90.92","89.77","5.60M","-1.32%"
"06/03/2022","91.01","90.73","91.22","90.68","5.26M","-0.68%"
"06/02/2022","91.63","91.15","91.75","90.56","5.46M","0.97%"
"06/01/2022","90.75","91.36","91.44","90.34","6.39M","-0.55%"
"05/31/2022","91.25","91.62","91.65","91.01","7.14M","-0.51%"
"05/27/2022","91.72","92.04","92.62","91.55","6.04M","0.16%"
"05/26/2022","91.57","91.23","91.76","91.19","4.62M","0.33%"
"05/25/2022","91.27","90.61","91.36","90.56","6.42M","0.88%"
"05/24/2022","90.47","89.69","90.49","89.65","4.47M","0.87%"
"05/23/2022","89.69","89.67","89.95","89.48","3.64M","0.07%"
"05/20/2022","89.63","89.30","89.70","89.02","3.84M","0.65%"
"05/19/2022","89.05","88.71","89.35","88.60","5.07M","0.54%"
"05/18/2022","88.57","88.96","89.07","88.52","4.98M","-0.64%"
"05/17/2022","89.14","89.11","89.32","88.90","4.37M","0.36%"
"05/16/2022","88.82","89.25","89.47","88.76","4.83M","-0.54%"
"05/13/2022","89.30","89.52","89.88","89.07","5.15M","-0.17%"
"05/12/2022","89.45","89.13","89.60","89.00","5.89M","0.07%"
"05/11/2022","89.39","88.91","89.76","88.58","7.87M","0.44%"
"05/10/2022","89.00","89.19","89.43","88.88","6.85M","0.50%"
"05/09/2022","88.56","88.87","89.00","88.22","7.28M","-0.88%"
"05/06/2022","89.35","89.82","90.03","89.16","6.78M","-1.35%"
"05/05/2022","90.57","91.04","91.04","89.91","9.18M","-1.50%"
"05/04/2022","91.95","90.52","92.06","90.22","9.66M","1.71%"
"05/03/2022","90.40","90.54","90.73","90.36","5.19M","0.42%"
"05/02/2022","90.02","90.60","90.64","89.59","6.92M","-0.95%"
"04/29/2022","90.88","91.64","91.92","90.79","8.27M","-1.70%"
"04/28/2022","92.45","92.15","92.54","91.78","4.30M","0.18%"
"04/27/2022","92.28","92.34","92.70","92.18","5.57M","-0.27%"
"04/26/2022","92.53","93.24","93.24","92.53","5.25M","-0.69%"
"04/25/2022","93.17","92.15","93.29","92.15","9.11M","1.17%"
"04/22/2022","92.09","92.99","93.17","91.37","8.56M","-1.06%"
"04/21/2022","93.08","93.84","93.86","92.89","5.49M","-0.90%"
"04/20/2022","93.93","93.76","94.01","93.57","3.25M","0.69%"
"04/19/2022","93.29","93.29","93.58","93.18","4.40M","-0.40%"
"04/18/2022","93.66","93.82","94.11","93.55","2.54M","-0.05%"
"04/14/2022","93.71","94.45","94.55","93.65","6.76M","-0.93%"
"04/13/2022","94.59","94.48","94.93","94.39","4.50M","0.25%"
"04/12/2022","94.35","94.69","94.90","94.26","5.63M","0.37%"
"04/11/2022","94.00","94.51","94.52","93.89","6.38M","-1.19%"
"04/08/2022","95.13","95.57","95.62","95.06","5.90M","-0.86%"
"04/07/2022","95.96","96.02","96.25","95.70","4.55M","-0.29%"
"04/06/2022","96.24","95.78","96.68","95.60","7.72M","-0.30%"
"04/05/2022","96.53","97.50","97.72","96.39","7.75M","-1.61%"
"04/04/2022","98.11","97.69","98.32","97.57","5.11M","0.39%"
"04/01/2022","97.73","96.99","98.00","96.75","8.68M","-0.03%"
"03/31/2022","97.76","97.85","98.19","97.64","5.24M","-0.10%"
"03/30/2022","97.86","97.29","97.97","97.29","4.75M","0.07%"
"03/29/2022","97.79","97.61","98.08","97.56","9.24M","0.98%"
"03/28/2022","96.84","96.31","96.86","96.18","8.10M","0.97%"
"03/25/2022","95.91","95.98","95.99","95.43","4.23M","-0.23%"
"03/24/2022","96.13","95.74","96.18","95.36","6.76M","0.40%"
"03/23/2022","95.75","95.52","96.02","95.45","6.13M","0.08%"
"03/22/2022","95.67","95.81","95.96","95.57","7.20M","-0.18%"
"03/21/2022","95.84","96.92","97.13","95.73","7.05M","-1.75%"
"03/18/2022","97.55","97.38","97.91","97.24","6.99M","-0.41%"
"03/17/2022","97.95","96.97","98.41","96.75","8.79M","0.64%"
"03/16/2022","97.33","96.30","97.41","95.29","13.25M","2.04%"
"03/15/2022","95.38","95.05","95.52","94.96","7.63M","0.60%"
"03/14/2022","94.81","95.14","95.34","94.50","5.51M","-0.21%"
"03/11/2022","95.01","95.78","95.89","94.79","5.71M","-0.77%"
"03/10/2022","95.75","95.26","95.87","94.96","7.33M","0.15%"
"03/09/2022","95.61","95.67","96.27","95.26","10.22M","0.97%"
"03/08/2022","94.69","94.00","95.87","94.00","10.28M","0.87%"
"03/07/2022","93.87","94.60","94.60","93.68","6.37M","-0.78%"
"03/04/2022","94.61","95.78","95.81","94.28","9.52M","-2.15%"
"03/03/2022","96.69","97.01","97.83","96.40","10.00M","-0.43%"
"03/02/2022","97.11","97.60","98.70","96.75","15.47M","-0.22%"
"03/01/2022","97.32","97.87","100.52","96.93","15.64M","-1.90%"
"02/28/2022","99.20","97.94","99.57","97.92","11.97M","-0.97%"
"02/25/2022","100.17","100.80","100.99","99.78","15.09M","1.20%"
"02/24/2022","98.98","97.18","99.05","96.86","22.00M","-1.01%"
"02/23/2022","99.99","101.44","101.54","99.99","14.92M","-1.68%"
"02/22/2022","101.70","102.32","102.55","101.47","16.31M","-1.26%"
"02/18/2022","103.00","103.07","103.22","102.69","7.25M","0.04%"
"02/17/2022","102.96","103.18","103.31","102.80","10.38M","-0.46%"
"02/16/2022","103.44","103.36","103.51","103.04","5.54M","0.29%"
"02/15/2022","103.14","103.24","103.36","103.00","7.38M","0.38%"
"02/14/2022","102.75","102.70","102.97","102.36","11.16M","0.38%"
"02/11/2022","102.36","103.19","103.40","101.85","11.06M","-0.58%"
"02/10/2022","102.96","103.87","104.14","102.88","9.87M","-1.31%"
"02/09/2022","104.33","104.29","104.47","104.18","5.46M","0.36%"
"02/08/2022","103.96","103.96","104.00","103.78","6.04M","-0.26%"
"02/07/2022","104.23","104.11","104.37","103.99","5.04M","-0.11%"
"02/04/2022","104.35","104.39","104.57","104.09","9.84M","-0.48%"
"02/03/2022","104.85","105.12","105.21","104.79","6.75M","-0.86%"
"02/02/2022","105.76","105.63","105.83","105.51","7.24M","0.46%"
"02/01/2022","105.28","105.28","105.28","104.76","5.90M","-0.09%"
"01/31/2022","105.38","105.08","105.48","105.04","4.81M","-0.03%"
"01/28/2022","105.41","105.01","105.51","104.77","7.22M","0.31%"
"01/27/2022","105.08","105.30","105.55","104.84","7.41M","0.56%"
"01/26/2022","104.49","105.44","105.79","104.43","10.20M","-0.52%"
"01/25/2022","105.04","104.89","105.09","104.70","6.20M","0.15%"
"01/24/2022","104.88","105.12","105.15","104.46","14.85M","-0.67%"
"01/21/2022","105.59","105.72","105.84","105.39","8.77M","0.53%"
"01/20/2022","105.03","105.09","105.40","104.89","7.90M","0.35%"
"01/19/2022","104.66","104.84","105.04","104.48","9.56M","0.67%"
"01/18/2022","103.96","104.31","104.36","103.66","9.74M","-0.92%"
"01/14/2022","104.93","105.34","105.34","104.88","8.35M","-0.88%"
"01/13/2022","105.86","105.95","106.06","105.70","7.15M","-0.34%"
"01/12/2022","106.22","106.43","106.54","106.13","5.50M","-0.21%"
"01/11/2022","106.44","106.13","106.44","105.82","7.77M","0.21%"
"01/10/2022","106.22","106.00","106.25","105.59","7.93M","-0.34%"
"01/07/2022","106.58","106.61","106.71","106.26","6.15M","-0.20%"
"01/06/2022","106.79","106.56","106.89","106.51","8.51M","-0.09%"
"01/05/2022","106.89","107.93","107.93","106.89","7.72M","-0.95%"
"01/04/2022","107.92","108.04","108.16","107.74","5.05M","-0.06%"
"01/03/2022","107.98","108.71","108.73","107.93","7.04M","-0.99%"
"12/31/2021","109.06","109.10","109.44","109.00","2.56M","-0.12%"
"12/30/2021","109.19","108.75","109.31","108.69","3.86M","0.46%"
"12/29/2021","108.69","108.78","108.78","108.50","2.93M","-0.10%"
"12/28/2021","108.80","108.90","108.97","108.78","2.28M","-0.09%"
"12/27/2021","108.90","108.24","108.91","108.21","3.47M","0.37%"
"12/23/2021","108.50","108.41","108.57","108.21","2.57M","0.15%"
"12/22/2021","108.34","108.18","108.38","108.05","2.98M","0.11%"
"12/21/2021","108.22","107.82","108.24","107.71","5.20M","0.30%"
"12/20/2021","107.90","108.03","108.16","107.48","6.98M","-0.53%"
"12/17/2021","108.48","108.51","108.65","108.38","5.21M","-0.17%"
"12/16/2021","108.67","108.79","108.88","108.59","4.73M","-0.24%"
"12/15/2021","108.93","109.02","109.09","108.33","10.30M","-0.32%"
"12/14/2021","109.28","109.18","109.53","109.13","6.81M","-0.26%"
"12/13/2021","109.56","109.11","109.70","109.11","4.68M","0.41%"
"12/10/2021","109.11","109.27","109.40","109.01","4.15M","0.02%"
"12/09/2021","109.09","109.09","109.39","109.05","4.64M","-0.06%"
"12/08/2021","109.16","109.31","109.40","108.97","5.15M","-0.15%"
"12/07/2021","109.32","109.20","109.43","108.92","5.70M","0.53%"
"12/06/2021","108.74","108.77","108.92","108.62","5.08M","0.09%"
"12/03/2021","108.64","108.39","108.86","108.05","5.56M","0.13%"
"12/02/2021","108.50","107.86","108.55","107.86","6.42M","0.59%"
"12/01/2021","107.86","107.76","108.06","107.62","11.08M","0.36%"
"11/30/2021","107.47","107.50","107.97","107.31","8.29M","-0.02%"
"11/29/2021","107.49","106.85","107.59","106.85","8.51M","0.86%"
"11/26/2021","106.57","107.00","107.33","106.15","7.47M","-1.11%"
"11/24/2021","107.77","107.73","107.84","107.54","6.14M","0.16%"
"11/23/2021","107.60","107.94","108.07","107.52","7.93M","-0.63%"
"11/22/2021","108.28","109.14","109.30","108.23","6.33M","-1.03%"
"11/19/2021","109.41","109.47","109.57","109.36","6.92M","-0.03%"
"11/18/2021","109.44","109.12","109.48","109.06","6.35M","0.26%"
"11/17/2021","109.16","109.04","109.18","108.82","4.40M","0.11%"
"11/16/2021","109.04","109.27","109.45","109.03","3.69M","-0.23%"
"11/15/2021","109.29","109.51","109.76","109.19","4.16M","-0.26%"
"11/12/2021","109.58","109.70","109.72","109.40","4.48M","0.26%"
"11/11/2021","109.30","109.50","109.69","109.28","4.49M","0.00%"
"11/10/2021","109.30","110.53","110.54","109.16","12.50M","-1.46%"
"11/09/2021","110.92","110.94","111.08","110.62","3.73M","0.18%"
"11/08/2021","110.72","110.74","110.86","110.65","5.88M","-0.09%"
"11/05/2021","110.82","110.34","110.89","110.21","8.76M","0.75%"
"11/04/2021","109.99","109.57","110.06","109.46","6.44M","0.72%"
"11/03/2021","109.20","109.28","109.51","108.94","5.43M","-0.16%"
"11/02/2021","109.37","109.53","109.61","109.24","3.50M","0.13%"
"11/01/2021","109.23","109.28","109.47","109.12","9.18M","-0.60%"
"10/29/2021","109.89","109.99","110.15","109.75","6.55M","-0.34%"
"10/28/2021","110.26","110.28","110.44","110.21","6.51M","-0.19%"
"10/27/2021","110.47","110.18","110.70","110.06","7.44M","0.59%"
"10/26/2021","109.82","109.79","109.90","109.72","3.54M","0.21%"
"10/25/2021","109.59","109.46","109.66","109.46","4.61M","0.07%"
"10/22/2021","109.51","109.31","109.53","109.13","6.09M","0.39%"
"10/21/2021","109.08","109.41","109.43","109.03","8.08M","-0.43%"
"10/20/2021","109.55","109.43","109.68","109.40","4.27M","0.05%"
"10/19/2021","109.49","109.60","109.75","109.45","5.96M","-0.07%"
"10/18/2021","109.57","109.59","109.75","109.35","6.35M","-0.33%"
"10/15/2021","109.93","109.88","110.04","109.67","6.23M","-0.12%"
"10/14/2021","110.06","109.94","110.15","109.85","6.52M","0.43%"
"10/13/2021","109.59","109.04","109.63","109.04","6.23M","0.63%"
"10/12/2021","108.90","108.72","108.93","108.66","5.43M","0.32%"
"10/11/2021","108.55","108.72","108.91","108.51","2.00M","-0.28%"
"10/08/2021","108.85","109.19","109.19","108.82","4.16M","-0.25%"
"10/07/2021","109.12","109.32","109.47","109.09","5.64M","0.11%"
"10/06/2021","109.00","108.91","109.11","108.61","9.15M","-0.21%"
"10/05/2021","109.23","109.32","109.32","109.04","6.74M","0.06%"
"10/04/2021","109.16","109.50","109.67","109.08","11.55M","-0.48%"
"10/01/2021","109.69","109.74","109.88","109.35","8.39M","-0.34%"
"09/30/2021","110.06","110.35","110.37","110.04","5.88M","-0.02%"
"09/29/2021","110.08","110.00","110.47","109.99","5.89M","0.09%"
"09/28/2021","109.98","110.14","110.20","109.91","6.04M","-0.57%"
"09/27/2021","110.61","110.65","110.74","110.41","5.59M","-0.30%"
"09/24/2021","110.94","111.27","111.30","110.81","5.94M","-0.41%"
"09/23/2021","111.40","112.16","112.24","111.29","8.42M","-0.77%"
"09/22/2021","112.26","112.19","112.48","112.07","4.99M","0.06%"
"09/21/2021","112.19","112.43","112.43","112.10","3.62M","0.19%"
"09/20/2021","111.98","112.21","112.38","111.81","8.05M","-0.46%"
"09/17/2021","112.50","112.70","112.71","112.50","4.56M","-0.33%"
"09/16/2021","112.87","112.76","113.02","112.76","4.14M","-0.34%"
"09/15/2021","113.25","113.05","113.26","113.05","2.09M","-0.02%"
"09/14/2021","113.27","113.26","113.44","113.17","2.11M","0.19%"
"09/13/2021","113.05","112.80","113.15","112.80","3.37M","0.13%"
"09/10/2021","112.90","113.17","113.20","112.83","3.14M","-0.32%"
"09/09/2021","113.26","112.96","113.39","112.90","4.38M","0.17%"
"09/08/2021","113.07","112.99","113.14","112.90","3.24M","0.18%"
"09/07/2021","112.87","113.09","113.10","112.87","3.50M","-0.27%"
"09/03/2021","113.18","113.16","113.32","113.11","4.47M","-0.33%"
"09/02/2021","113.55","113.32","113.55","113.23","3.75M","0.27%"
"09/01/2021","113.24","113.22","113.30","113.08","5.76M","-0.13%"
"08/31/2021","113.39","113.53","113.64","113.30","5.39M","0.04%"
"08/30/2021","113.35","112.94","113.37","112.94","2.23M","0.27%"
"08/27/2021","113.05","112.50","113.09","112.36","4.96M","0.64%"
"08/26/2021","112.33","112.43","112.48","112.24","2.48M","-0.16%"
"08/25/2021","112.51","112.70","112.70","112.45","1.68M","-0.07%"
"08/24/2021","112.59","112.52","112.64","112.40","1.99M","0.06%"
"08/23/2021","112.52","112.28","112.54","112.16","3.31M","0.37%"
"08/20/2021","112.10","112.27","112.33","112.04","4.43M","-0.14%"
"08/19/2021","112.26","112.10","112.28","112.02","1.83M","0.10%"
"08/18/2021","112.15","112.23","112.33","112.05","2.36M","-0.08%"
"08/17/2021","112.24","112.08","112.27","112.08","3.21M","-0.09%"
"08/16/2021","112.34","112.26","112.40","112.21","2.10M","0.02%"
"08/13/2021","112.32","111.95","112.36","111.83","3.62M","0.47%"
"08/12/2021","111.79","111.59","111.83","111.52","2.36M","0.13%"
"08/11/2021","111.64","111.67","111.84","111.46","4.09M","0.06%"
"08/10/2021","111.57","111.79","111.82","111.50","2.83M","-0.02%"
"08/09/2021","111.59","111.90","112.03","111.56","4.87M","-0.33%"
"08/06/2021","111.96","112.20","112.27","111.92","6.42M","-0.53%"
"08/05/2021","112.56","112.58","112.64","112.44","1.72M","-0.06%"
"08/04/2021","112.63","112.80","112.84","112.30","3.66M","0.04%"
"08/03/2021","112.58","112.65","112.65","112.44","3.00M","0.04%"
"08/02/2021","112.53","112.68","112.75","112.33","6.65M","-0.18%"
"07/30/2021","112.73","112.38","112.82","112.33","6.67M","0.27%"
"07/29/2021","112.43","112.34","112.48","112.31","2.92M","0.09%"
"07/28/2021","112.33","111.95","112.35","111.85","3.77M","0.25%"
"07/27/2021","112.05","112.46","112.46","111.89","4.32M","-0.27%"
"07/26/2021","112.35","112.49","112.63","112.30","3.30M","-0.28%"
"07/23/2021","112.66","112.37","112.69","112.36","2.53M","0.01%"
"07/22/2021","112.65","112.45","112.69","112.38","2.87M","0.22%"
"07/21/2021","112.40","112.42","112.50","112.23","4.15M","-0.38%"
"07/20/2021","112.83","112.82","112.92","112.61","5.23M","0.28%"
"07/19/2021","112.52","112.74","112.74","112.43","4.85M","0.02%"
"07/16/2021","112.50","112.64","112.70","112.49","2.69M","-0.13%"
"07/15/2021","112.65","112.47","112.73","112.35","4.21M","0.31%"
"07/14/2021","112.30","112.25","112.38","112.15","3.36M","0.43%"
"07/13/2021","111.82","112.15","112.33","111.75","5.18M","-0.36%"
"07/12/2021","112.22","112.26","112.31","112.06","3.27M","0.06%"
"07/09/2021","112.15","112.18","112.26","112.04","3.39M","-0.03%"
"07/08/2021","112.18","112.04","112.37","112.04","3.74M","-0.20%"
"07/07/2021","112.41","112.44","112.50","112.24","3.60M","0.14%"
"07/06/2021","112.25","111.80","112.26","111.80","4.85M","0.12%"
"07/02/2021","112.12","111.77","112.21","111.76","3.67M","0.12%"
"07/01/2021","111.99","112.01","112.07","111.82","5.65M","-0.42%"
"06/30/2021","112.46","112.20","112.64","112.20","9.73M","0.13%"
"06/29/2021","112.31","112.11","112.31","112.08","3.14M","-0.03%"
"06/28/2021","112.34","112.28","112.41","112.16","3.11M","0.19%"
"06/25/2021","112.13","112.56","112.56","111.96","3.71M","-0.17%"
"06/24/2021","112.32","112.28","112.39","112.23","2.50M","0.04%"
"06/23/2021","112.28","112.22","112.35","112.09","2.10M","0.12%"
"06/22/2021","112.15","111.90","112.19","111.74","2.93M","-0.04%"
"06/21/2021","112.20","112.08","112.34","111.97","2.98M","-0.06%"
"06/18/2021","112.27","112.14","112.65","112.14","6.61M","0.29%"
"06/17/2021","111.95","111.93","112.28","111.75","5.24M","0.39%"
"06/16/2021","111.51","112.36","112.54","111.00","6.42M","-0.85%"
"06/15/2021","112.47","112.06","112.55","111.92","7.74M","0.22%"
"06/14/2021","112.22","112.72","112.73","112.13","4.68M","-0.60%"
"06/11/2021","112.90","113.00","113.01","112.74","2.10M","0.12%"
"06/10/2021","112.77","112.34","112.80","112.06","3.29M","0.15%"
"06/09/2021","112.60","112.74","112.81","112.55","3.85M","0.36%"
"06/08/2021","112.20","112.26","112.33","112.14","3.90M","0.39%"
"06/07/2021","111.76","111.86","111.90","111.75","1.55M","-0.22%"
"06/04/2021","112.01","111.60","112.12","111.56","2.62M","0.67%"
"06/03/2021","111.27","111.54","111.54","111.24","3.30M","-0.49%"
"06/02/2021","111.82","111.91","111.91","111.66","2.73M","0.15%"
"06/01/2021","111.65","111.63","111.95","111.43","1.94M","-0.19%"
"05/28/2021","111.86","111.79","112.10","111.71","3.46M","0.21%"
"05/27/2021","111.63","111.30","111.70","111.30","2.74M","-0.19%"
"05/26/2021","111.84","112.00","112.00","111.75","2.00M","-0.01%"
"05/25/2021","111.85","111.38","111.86","111.38","2.54M","0.49%"
"05/24/2021","111.31","111.27","111.55","111.22","1.69M","0.11%"
"05/21/2021","111.19","111.42","111.47","111.12","1.78M","-0.20%"
"05/20/2021","111.41","111.05","111.48","110.99","2.88M","0.70%"
"05/19/2021","110.64","110.85","111.03","110.49","3.79M","-0.47%"
"05/18/2021","111.16","111.35","111.35","111.15","1.92M","-0.01%"
"05/17/2021","111.17","111.13","111.18","111.01","1.50M","-0.05%"
"05/14/2021","111.23","111.22","111.35","111.05","3.73M","0.52%"
"05/13/2021","110.65","110.29","110.76","110.10","3.53M","0.52%"
"05/12/2021","110.08","110.60","110.69","110.04","5.32M","-0.91%"
"05/11/2021","111.09","110.80","111.13","110.80","2.55M","-0.23%"
"05/10/2021","111.35","111.50","111.59","111.26","2.71M","-0.22%"
"05/07/2021","111.60","111.58","111.80","111.38","5.00M","0.45%"
"05/06/2021","111.10","110.91","111.21","110.87","2.51M","0.19%"
"05/05/2021","110.89","110.62","110.91","110.62","2.04M","0.14%"
"05/04/2021","110.74","110.62","110.88","110.46","4.24M","0.09%"
"05/03/2021","110.64","110.77","111.05","110.52","3.26M","-0.45%"
"04/30/2021","111.14","110.84","111.16","110.76","3.78M","0.29%"
"04/29/2021","110.82","110.74","110.83","110.39","3.31M","0.12%"
"04/28/2021","110.69","110.30","110.82","110.20","4.07M","0.34%"
"04/27/2021","110.32","110.75","110.76","110.22","3.29M","-0.54%"
"04/26/2021","110.92","110.68","111.27","110.68","2.75M","-0.46%"
"04/23/2021","111.43","111.23","111.44","111.09","1.94M","0.17%"
"04/22/2021","111.24","111.20","111.31","111.07","1.55M","0.15%"
"04/21/2021","111.07","110.83","111.13","110.79","1.67M","0.19%"
"04/20/2021","110.86","111.00","111.00","110.78","2.52M","-0.25%"
"04/19/2021","111.14","111.18","111.24","111.01","3.15M","-0.07%"
"04/16/2021","111.22","111.35","111.35","111.08","3.34M","-0.32%"
"04/15/2021","111.58","110.86","111.72","110.77","6.94M","1.22%"
"04/14/2021","110.24","110.28","110.38","110.14","3.24M","-0.09%"
"04/13/2021","110.34","109.72","110.36","109.64","3.27M","0.53%"
"04/12/2021","109.76","109.92","109.92","109.66","2.74M","0.16%"
"04/09/2021","109.58","109.54","109.64","109.34","5.46M","-0.27%"
"04/08/2021","109.88","109.53","109.88","109.50","3.09M","0.58%"
"04/07/2021","109.25","109.43","109.76","109.16","3.19M","-0.35%"
"04/06/2021","109.63","109.48","109.75","109.29","3.79M","0.34%"
"04/05/2021","109.26","108.81","109.26","108.81","3.13M","-0.12%"
"04/01/2021","109.39","109.03","109.44","108.86","7.72M","0.47%"
"03/31/2021","108.88","108.57","109.24","108.57","8.84M","0.13%"
"03/30/2021","108.74","108.24","108.76","108.12","6.06M","0.05%"
"03/29/2021","108.69","108.99","109.20","108.59","7.38M","-0.52%"
"03/26/2021","109.26","109.13","109.26","108.93","2.00M","0.04%"
"03/25/2021","109.22","109.35","109.39","108.89","3.86M","-0.15%"
"03/24/2021","109.38","109.44","109.58","109.10","4.27M","0.22%"
"03/23/2021","109.14","109.60","109.60","109.11","4.66M","-0.36%"
"03/22/2021","109.53","108.99","109.74","108.87","4.62M","0.22%"
"03/19/2021","109.29","109.05","109.44","108.76","4.75M","0.29%"
"03/18/2021","108.97","109.04","109.58","108.71","7.54M","-1.36%"
"03/17/2021","110.47","109.09","111.16","108.68","9.84M","0.84%"
"03/16/2021","109.55","109.61","109.86","109.40","4.32M","0.35%"
"03/15/2021","109.17","108.84","109.19","108.55","3.88M","0.65%"
"03/12/2021","108.46","108.89","108.90","108.29","5.99M","-1.26%"
"03/11/2021","109.84","109.78","109.98","109.21","6.99M","0.74%"
"03/10/2021","109.03","108.13","109.10","108.13","5.71M","0.97%"
"03/09/2021","107.98","107.85","108.24","107.82","8.20M","1.18%"
"03/08/2021","106.72","108.05","108.05","106.70","9.90M","-1.73%"
"03/05/2021","108.60","108.76","108.76","108.20","12.21M","-0.02%"
"03/04/2021","108.62","109.55","109.74","108.57","8.70M","-0.86%"
"03/03/2021","109.56","109.97","109.97","109.55","5.17M","-0.60%"
"03/02/2021","110.22","110.19","110.52","110.06","5.86M","-0.06%"
"03/01/2021","110.29","110.22","110.55","110.07","5.01M","0.24%"
"02/26/2021","110.03","110.08","110.12","109.54","8.06M","0.45%"
"02/25/2021","109.54","110.73","110.93","109.24","9.82M","-1.78%"
"02/24/2021","111.53","110.49","111.72","110.49","5.42M","0.15%"
"02/23/2021","111.36","111.20","111.40","110.81","7.18M","0.12%"
"02/22/2021","111.23","111.15","111.52","111.08","5.03M","-0.68%"
"02/19/2021","111.99","112.48","112.53","111.98","4.52M","-0.53%"
"02/18/2021","112.59","112.62","112.67","112.32","2.65M","-0.11%"
"02/17/2021","112.71","112.10","112.76","112.10","6.07M","0.55%"
"02/16/2021","112.09","113.19","113.20","112.07","8.50M","-1.22%"
"02/12/2021","113.48","113.86","113.86","113.41","6.52M","-0.55%"
"02/11/2021","114.11","114.20","114.33","113.99","3.37M","0.06%"
"02/10/2021","114.04","114.06","114.09","113.92","1.98M","0.20%"
"02/09/2021","113.81","114.15","114.15","113.81","2.74M","-0.36%"
"02/08/2021","114.22","114.05","114.23","113.86","5.15M","0.00%"
"02/05/2021","114.22","114.44","114.46","114.13","3.34M","0.11%"
"02/04/2021","114.09","113.81","114.17","113.64","3.18M","0.29%"
"02/03/2021","113.76","114.06","114.06","113.76","2.83M","-0.25%"
"02/02/2021","114.05","113.97","114.14","113.91","5.96M","0.00%"
"02/01/2021","114.05","113.61","114.19","113.61","4.77M","0.18%"
"01/29/2021","113.85","113.75","114.07","113.69","4.66M","-0.01%"
"01/28/2021","113.86","113.78","114.05","113.72","4.14M","0.21%"
"01/27/2021","113.62","113.94","113.96","113.60","4.74M","-0.46%"
"01/26/2021","114.15","114.18","114.21","114.11","3.19M","-0.13%"
"01/25/2021","114.30","114.11","114.30","113.94","2.80M","0.40%"
"01/22/2021","113.85","113.65","113.88","113.63","2.06M","0.04%"
"01/21/2021","113.80","113.73","113.83","113.53","2.65M","0.07%"
"01/20/2021","113.72","113.69","113.82","113.60","3.09M","0.11%"
"01/19/2021","113.59","113.65","113.71","113.47","4.03M","0.14%"
"01/15/2021","113.43","113.45","113.57","113.20","2.75M","0.11%"
"01/14/2021","113.30","113.93","113.93","113.29","4.38M","-0.29%"
"01/13/2021","113.63","113.45","113.83","113.40","5.89M","0.47%"
"01/12/2021","113.10","113.13","113.30","112.81","7.31M","-0.48%"
"01/11/2021","113.64","114.08","114.11","113.56","4.85M","-0.79%"
"01/08/2021","114.54","114.56","114.59","114.28","4.84M","0.05%"
"01/07/2021","114.48","114.55","114.55","114.24","2.78M","-0.03%"
"01/06/2021","114.52","114.66","114.68","114.38","4.80M","-0.72%"
"01/05/2021","115.35","115.40","115.40","115.13","3.58M","0.07%"
"01/04/2021","115.27","116.02","116.09","115.22","7.15M","-0.55%"
"12/31/2020","115.91","115.87","115.96","115.75","1.79M","0.06%"
"12/30/2020","115.84","115.79","115.89","115.64","1.90M","0.13%"
"12/29/2020","115.69","115.51","115.79","115.51","2.68M","0.15%"
"12/28/2020","115.52","115.35","115.63","115.28","2.47M","0.03%"
"12/24/2020","115.49","115.32","115.51","115.25","1.07M","0.25%"
"12/23/2020","115.20","115.22","115.30","115.03","1.37M","0.15%"
"12/22/2020","115.03","115.01","115.09","114.93","2.10M","0.12%"
"12/21/2020","114.89","114.76","114.91","114.54","4.49M","-0.29%"
"12/18/2020","115.22","115.36","115.39","115.08","2.65M","-0.13%"
"12/17/2020","115.37","115.32","115.49","115.17","5.55M","-0.02%"
"12/16/2020","115.39","115.38","115.53","114.45","3.17M","0.07%"
"12/15/2020","115.31","115.12","115.34","114.99","3.16M","0.34%"
"12/14/2020","114.92","115.02","115.07","114.91","2.53M","0.00%"
"12/11/2020","114.92","114.84","114.98","114.72","3.87M","0.05%"
"12/10/2020","114.86","114.44","114.96","114.29","4.96M","0.50%"
"12/09/2020","114.29","114.44","114.94","114.15","6.35M","-0.24%"
"12/08/2020","114.57","114.57","114.69","114.48","3.04M","-0.17%"
"12/07/2020","114.76","114.68","114.79","114.62","3.64M","-0.02%"
"12/04/2020","114.78","114.88","114.91","114.69","3.71M","0.09%"
"12/03/2020","114.68","114.66","114.68","114.51","6.41M","0.42%"
"12/02/2020","114.20","114.30","114.33","114.08","5.83M","0.05%"
"12/01/2020","114.14","114.00","114.17","113.85","11.01M","-0.10%"
"11/30/2020","114.25","114.25","114.57","113.74","4.76M","-0.19%"
"11/27/2020","114.47","114.51","114.58","114.16","2.21M","0.32%"
"11/25/2020","114.10","114.13","114.34","113.96","3.19M","-0.08%"
"11/24/2020","114.19","114.27","114.28","114.14","3.99M","0.14%"
"11/23/2020","114.03","114.46","114.46","113.95","2.94M","-0.08%"
"11/20/2020","114.12","114.12","114.22","113.93","3.41M","0.07%"
"11/19/2020","114.04","113.98","114.11","113.81","3.83M","0.23%"
"11/18/2020","113.78","114.01","114.10","113.73","2.57M","-0.09%"
"11/17/2020","113.88","113.88","113.99","113.52","4.05M","-0.18%"
"11/16/2020","114.08","114.06","114.13","113.89","2.68M","0.22%"
"11/13/2020","113.83","113.75","113.85","113.60","2.24M","0.39%"
"11/12/2020","113.39","113.89","113.92","113.31","4.90M","-0.19%"
"11/11/2020","113.61","113.67","113.83","113.51","2.76M","0.38%"
"11/10/2020","113.18","112.95","113.44","112.75","3.64M","-0.11%"
"11/09/2020","113.30","114.24","114.35","113.13","6.86M","0.48%"
"11/06/2020","112.76","112.90","113.02","112.50","5.94M","-0.44%"
"11/05/2020","113.26","113.41","113.57","112.79","7.68M","0.38%"
"11/04/2020","112.83","111.31","112.96","111.31","8.41M","1.93%"
"11/03/2020","110.69","110.51","110.75","110.11","4.64M","0.81%"
"11/02/2020","109.80","109.85","110.11","109.75","5.62M","-0.20%"
"10/30/2020","110.02","110.20","110.25","109.82","4.04M","-0.27%"
"10/29/2020","110.32","110.15","110.41","109.99","4.87M","0.04%"
"10/28/2020","110.28","110.90","110.94","110.25","5.91M","-0.85%"
"10/27/2020","111.23","111.00","111.25","110.59","3.59M","0.60%"
"10/26/2020","110.57","110.79","110.89","110.50","2.80M","-0.36%"
"10/23/2020","110.97","110.73","111.01","110.50","3.12M","0.47%"
"10/22/2020","110.45","110.77","110.94","110.43","4.24M","-0.47%"
"10/21/2020","110.97","111.21","111.40","110.97","4.23M","-0.51%"
"10/20/2020","111.54","111.63","111.74","111.46","3.68M","0.05%"
"10/19/2020","111.48","112.27","112.35","111.47","3.64M","-0.58%"
"10/16/2020","112.13","112.22","112.47","112.08","2.70M","0.15%"
"10/15/2020","111.96","111.83","112.06","111.80","2.95M","-0.40%"
"10/14/2020","112.41","112.47","112.55","112.28","3.65M","-0.04%"
"10/13/2020","112.45","112.74","112.74","112.40","3.14M","-0.25%"
"10/12/2020","112.73","112.71","112.81","112.47","2.19M","0.26%"
"10/09/2020","112.44","112.44","112.55","112.31","3.92M","0.24%"
"10/08/2020","112.17","111.65","112.34","111.54","4.72M","0.97%"
"10/07/2020","111.09","111.16","111.25","110.89","4.36M","0.22%"
"10/06/2020","110.85","110.98","111.15","110.72","5.50M","0.07%"
"10/05/2020","110.77","110.50","110.92","110.46","3.91M","0.39%"
"10/02/2020","110.34","110.23","110.56","110.02","7.09M","-0.35%"
"10/01/2020","110.73","110.94","111.00","110.68","13.56M","-0.14%"
"09/30/2020","110.89","110.36","111.05","110.28","5.67M","0.49%"
"09/29/2020","110.35","110.57","110.62","110.27","3.13M","-0.23%"
"09/28/2020","110.60","110.73","110.87","110.49","3.87M","0.23%"
"09/25/2020","110.35","110.33","110.39","110.03","3.30M","0.48%"
"09/24/2020","109.82","109.51","110.42","109.20","7.56M","0.26%"
"09/23/2020","109.53","110.57","110.64","109.46","8.37M","-1.29%"
"09/22/2020","110.96","111.12","111.28","110.78","4.29M","-0.21%"
"09/21/2020","111.19","111.35","111.46","110.92","4.54M","-0.98%"
"09/18/2020","112.29","112.85","112.85","112.08","4.58M","-0.46%"
"09/17/2020","112.81","112.88","113.02","112.73","4.15M","-0.41%"
"09/16/2020","113.28","113.68","113.69","113.20","3.71M","-0.24%"
"09/15/2020","113.55","113.56","113.66","113.45","2.29M","0.17%"
"09/14/2020","113.36","113.21","113.44","112.98","3.12M","0.10%"
"09/11/2020","113.25","113.41","113.42","113.04","2.61M","0.04%"
"09/10/2020","113.21","113.73","113.73","113.20","3.25M","-0.28%"
"09/09/2020","113.53","113.28","113.72","113.18","2.68M","0.50%"
"09/08/2020","112.96","113.15","113.47","112.95","4.11M","-0.40%"
"09/04/2020","113.41","113.94","113.94","113.37","3.47M","-0.43%"
"09/03/2020","113.90","114.56","114.56","113.84","3.25M","-0.51%"
"09/02/2020","114.48","114.34","114.52","114.07","3.91M","0.41%"
"09/01/2020","114.01","113.58","114.05","113.31","4.62M","0.38%"
"08/31/2020","113.58","113.48","113.67","113.06","3.17M","-0.01%"
"08/28/2020","113.59","112.88","113.73","112.65","4.22M","0.93%"
"08/27/2020","112.54","113.10","113.50","112.48","3.80M","-0.47%"
"08/26/2020","113.07","113.17","113.29","113.00","3.30M","-0.23%"
"08/25/2020","113.33","113.79","113.79","113.07","2.98M","-0.49%"
"08/24/2020","113.89","113.69","114.07","113.69","2.52M","0.20%"
"08/21/2020","113.66","113.15","113.67","113.15","4.26M","0.32%"
"08/20/2020","113.30","113.01","113.33","112.89","1.67M","0.23%"
"08/19/2020","113.04","113.51","113.61","112.84","2.54M","-0.23%"
"08/18/2020","113.30","113.30","113.42","113.14","1.89M","-0.13%"
"08/17/2020","113.45","113.36","113.45","113.32","1.90M","0.11%"
"08/14/2020","113.32","113.62","113.66","113.23","2.58M","-0.45%"
"08/13/2020","113.83","114.11","114.33","113.73","2.92M","-0.23%"
"08/12/2020","114.09","113.99","114.37","113.99","4.39M","-0.11%"
"08/11/2020","114.22","114.65","114.65","114.19","3.21M","-0.10%"
"08/10/2020","114.34","114.54","114.54","114.26","1.66M","0.15%"
"08/07/2020","114.17","114.39","114.43","114.04","1.81M","-0.21%"
"08/06/2020","114.41","114.34","114.50","114.16","1.51M","0.25%"
"08/05/2020","114.12","113.99","114.28","113.79","2.67M","0.32%"
"08/04/2020","113.76","113.28","113.76","113.28","4.03M","0.51%"
"08/03/2020","113.18","113.00","113.24","112.76","4.05M","0.08%"
"07/31/2020","113.09","113.00","113.19","112.74","2.59M","0.23%"
"07/30/2020","112.83","112.44","112.87","112.18","2.30M","-0.03%"
"07/29/2020","112.86","112.35","112.90","112.28","2.07M","0.59%"
"07/28/2020","112.20","112.37","112.57","112.15","1.55M","-0.34%"
"07/27/2020","112.58","112.29","112.61","112.23","1.88M","0.17%"
"07/24/2020","112.39","111.79","112.39","111.66","2.24M","0.07%"
"07/23/2020","112.31","112.66","112.66","112.06","3.42M","-0.04%"
"07/22/2020","112.36","112.19","112.36","112.04","6.44M","0.29%"
"07/21/2020","112.04","111.92","112.24","111.88","3.49M","0.54%"
"07/20/2020","111.44","111.12","111.48","111.00","1.64M","0.67%"
"07/17/2020","110.70","110.59","110.71","110.20","1.39M","0.23%"
"07/16/2020","110.45","110.29","110.58","110.04","3.15M","0.18%"
"07/15/2020","110.25","110.15","110.32","109.98","2.28M","0.41%"
"07/14/2020","109.80","109.60","109.86","109.38","2.88M","0.24%"
"07/13/2020","109.54","109.96","110.12","109.33","3.22M","-0.20%"
"07/10/2020","109.76","109.84","109.84","109.56","1.96M","-0.01%"
"07/09/2020","109.77","110.13","110.21","109.60","2.45M","-0.44%"
"07/08/2020","110.25","110.01","110.25","109.87","2.13M","0.43%"
"07/07/2020","109.78","109.98","110.38","109.43","3.48M","-0.56%"
"07/06/2020","110.40","110.27","110.44","110.01","3.30M","0.62%"
"07/02/2020","109.72","109.73","110.00","109.48","3.61M","0.53%"
"07/01/2020","109.14","108.94","109.38","108.81","6.18M","-0.07%"
"06/30/2020","109.22","108.79","109.22","108.72","3.47M","0.39%"
"06/29/2020","108.80","108.72","109.53","108.30","2.95M","0.13%"
"06/26/2020","108.66","109.09","109.40","108.52","2.90M","-0.20%"
"06/25/2020","108.88","108.52","109.03","108.51","2.76M","0.06%"
"06/24/2020","108.81","108.82","109.04","108.47","4.44M","-0.31%"
"06/23/2020","109.15","109.50","109.50","109.03","3.76M","0.20%"
"06/22/2020","108.93","108.79","109.16","108.69","2.69M","0.17%"
"06/19/2020","108.74","108.76","109.22","108.43","2.91M","0.22%"
"06/18/2020","108.50","108.45","108.89","108.21","3.18M","-0.11%"
"06/17/2020","108.61","108.62","108.94","108.11","4.07M","-0.14%"
"06/16/2020","108.77","109.44","109.44","108.00","4.98M","0.47%"
"06/15/2020","108.26","106.69","108.34","106.50","5.34M","0.53%"
"06/12/2020","107.69","107.96","108.00","106.98","4.21M","1.16%"
"06/11/2020","106.45","108.04","108.41","106.33","11.07M","-2.29%"
"06/10/2020","108.95","109.14","109.56","108.36","5.30M","0.01%"
"06/09/2020","108.94","109.12","109.23","108.60","5.82M","-0.27%"
"06/08/2020","109.23","108.93","109.31","108.68","7.03M","0.71%"
"06/05/2020","108.46","108.50","108.70","108.22","3.59M","0.82%"
"06/04/2020","107.58","108.09","108.11","107.47","4.91M","-0.47%"
"06/03/2020","108.09","108.10","108.54","107.82","4.53M","0.45%"
"06/02/2020","107.61","106.78","107.66","106.63","5.77M","0.97%"
"06/01/2020","106.58","106.33","106.75","106.05","6.08M","0.17%"
"05/29/2020","106.40","105.59","106.63","105.51","4.58M","0.34%"
"05/28/2020","106.04","106.24","106.50","105.86","2.72M","-0.28%"
"05/27/2020","106.34","106.64","106.64","105.87","2.77M","0.17%"
"05/26/2020","106.16","106.87","106.90","104.79","3.65M","0.62%"
"05/22/2020","105.51","105.85","105.90","105.30","2.98M","-0.45%"
"05/21/2020","105.99","106.31","106.65","105.90","3.89M","-0.03%"
"05/20/2020","106.02","105.27","106.14","104.94","4.97M","1.92%"
"05/19/2020","104.02","104.15","104.58","103.93","2.98M","0.08%"
"05/18/2020","103.94","103.53","104.00","103.26","4.48M","1.74%"
"05/15/2020","102.16","102.00","102.36","101.75","2.01M","0.27%"
"05/14/2020","101.88","100.65","101.90","100.36","4.08M","0.46%"
"05/13/2020","101.41","102.07","102.54","101.09","3.23M","-0.60%"
"05/12/2020","102.02","102.65","103.05","102.02","4.87M","-0.19%"
"05/11/2020","102.21","102.08","102.27","101.62","2.17M","0.55%"
"05/08/2020","101.65","101.66","102.45","101.36","3.84M","0.51%"
"05/07/2020","101.13","100.99","101.31","100.74","2.23M","0.80%"
"05/06/2020","100.33","100.94","100.94","100.24","3.07M","-0.45%"
"05/05/2020","100.78","100.56","100.96","100.31","2.74M","1.09%"
"05/04/2020","99.69","99.47","99.76","99.06","3.42M","0.00%"
"05/01/2020","99.69","99.10","100.02","99.10","3.53M","-0.81%"
"04/30/2020","100.50","99.77","100.51","99.74","3.27M","0.18%"
"04/29/2020","100.32","99.78","100.57","99.41","4.19M","1.60%"
"04/28/2020","98.74","98.27","98.90","97.71","4.19M","0.98%"
"04/27/2020","97.78","97.95","98.08","97.57","3.67M","-0.17%"
"04/24/2020","97.95","98.66","98.68","97.53","2.31M","-0.44%"
"04/23/2020","98.38","98.55","98.88","98.14","2.40M","0.48%"
"04/22/2020","97.91","98.05","98.11","97.50","2.74M","0.08%"
"04/21/2020","97.83","97.90","98.21","97.10","4.93M","-1.40%"
"04/20/2020","99.22","99.25","99.67","99.03","3.84M","-0.63%"
"04/17/2020","99.85","99.38","100.08","99.38","3.35M","0.71%"
"04/16/2020","99.15","99.76","99.86","98.78","3.22M","-0.65%"
"04/15/2020","99.80","100.00","100.15","99.40","5.29M","-1.98%"
"04/14/2020","101.82","101.57","102.24","101.19","6.23M","0.66%"
"04/13/2020","101.15","100.98","101.54","100.64","4.72M","-0.20%"
"04/09/2020","101.35","99.33","102.36","99.32","7.43M","2.88%"
"04/08/2020","98.51","98.12","98.65","97.73","3.98M","0.43%"
"04/07/2020","98.09","98.77","99.29","97.48","6.48M","0.57%"
"04/06/2020","97.53","96.99","97.70","96.64","4.99M","2.02%"
"04/03/2020","95.60","96.33","96.50","95.22","6.63M","-0.18%"
"04/02/2020","95.77","95.01","96.29","94.76","10.05M","2.05%"
"04/01/2020","93.85","95.12","96.23","93.79","6.60M","-2.93%"
"03/31/2020","96.68","97.90","98.61","96.68","2.81M","-0.76%"
"03/30/2020","97.42","96.26","97.83","96.06","3.48M","-0.13%"
"03/27/2020","97.55","98.00","98.60","97.49","4.30M","-2.06%"
"03/26/2020","99.60","98.77","99.90","98.72","3.53M","1.65%"
"03/25/2020","97.98","96.22","99.07","96.17","5.61M","4.01%"
"03/24/2020","94.20","92.80","94.27","92.80","4.42M","3.12%"
"03/23/2020","91.35","90.42","92.86","90.00","5.75M","0.29%"
"03/20/2020","91.09","91.08","94.15","88.64","9.27M","3.53%"
"03/19/2020","87.98","86.25","88.69","85.24","11.32M","2.54%"
"03/18/2020","85.80","91.40","92.32","85.00","7.93M","-9.22%"
"03/17/2020","94.51","93.89","96.50","93.53","7.95M","-0.97%"
"03/16/2020","95.44","94.44","99.25","93.49","7.73M","-4.62%"
"03/13/2020","100.06","100.03","101.75","97.94","9.18M","2.84%"
"03/12/2020","97.30","97.15","102.26","96.21","11.10M","-4.92%"
"03/11/2020","102.34","106.66","107.19","102.04","12.86M","-4.52%"
"03/10/2020","107.19","109.34","110.00","106.86","11.39M","1.16%"
"03/09/2020","105.96","110.00","110.45","105.96","9.60M","-8.10%"
"03/06/2020","115.30","115.08","115.38","114.34","7.20M","-0.41%"
"03/05/2020","115.78","115.94","116.23","115.46","4.64M","-0.88%"
"03/04/2020","116.81","116.64","117.08","116.25","5.13M","0.74%"
"03/03/2020","115.95","115.59","116.49","115.15","8.22M","1.16%"
"03/02/2020","114.62","114.09","114.94","114.05","9.91M","0.44%"
"02/28/2020","114.12","113.31","114.33","112.98","8.07M","-0.14%"
"02/27/2020","114.28","114.47","115.16","113.87","11.34M","-1.24%"
"02/26/2020","115.72","115.52","116.08","115.52","3.74M","-0.05%"
"02/25/2020","115.78","116.42","116.54","115.77","5.31M","-0.62%"
"02/24/2020","116.50","116.66","116.87","116.45","5.88M","-0.44%"
"02/21/2020","117.01","117.00","117.20","116.94","2.56M","0.22%"
"02/20/2020","116.75","116.72","116.77","116.63","1.53M","0.06%"
"02/19/2020","116.68","116.56","116.68","116.43","1.36M","0.20%"
"02/18/2020","116.45","116.42","116.50","116.36","1.41M","0.09%"
"02/14/2020","116.35","116.24","116.37","116.22","2.16M","0.40%"
"02/13/2020","115.89","115.85","116.00","115.74","2.07M","0.03%"
"02/12/2020","115.86","115.83","115.89","115.75","2.53M","0.15%"
"02/11/2020","115.69","115.92","115.99","115.58","2.25M","-0.04%"
"02/10/2020","115.74","115.70","115.86","115.50","2.55M","0.02%"
"02/07/2020","115.72","115.81","115.91","115.70","1.49M","0.00%"
"02/06/2020","115.72","115.69","115.75","115.49","1.56M","0.24%"
"02/05/2020","115.44","115.54","115.57","115.43","1.88M","0.03%"
"02/04/2020","115.40","115.49","115.54","115.25","3.94M","-0.12%"
"02/03/2020","115.54","115.42","115.62","115.28","4.00M","-0.38%"
"01/31/2020","115.98","115.76","116.00","115.68","3.84M","0.30%"
"01/30/2020","115.63","115.68","115.81","115.40","1.99M","-0.07%"
"01/29/2020","115.71","115.43","115.77","115.39","3.10M","0.46%"
"01/28/2020","115.18","115.16","115.22","115.01","3.19M","0.47%"
"01/27/2020","114.64","114.57","114.75","114.37","6.34M","-0.12%"
"01/24/2020","114.78","115.14","115.14","114.75","6.58M","-0.13%"
"01/23/2020","114.93","115.18","115.21","114.90","2.75M","-0.23%"
"01/22/2020","115.20","115.27","115.30","115.15","3.38M","0.08%"
"01/21/2020","115.11","114.90","115.16","114.62","2.87M","-0.09%"
"01/17/2020","115.21","115.30","115.30","115.10","2.72M","-0.12%"
"01/16/2020","115.35","115.33","115.35","115.11","2.95M","0.21%"
"01/15/2020","115.11","114.86","115.16","114.78","2.83M","0.37%"
"01/14/2020","114.68","114.59","114.75","114.54","1.91M","-0.03%"
"01/13/2020","114.71","114.66","114.75","114.48","2.11M","0.10%"
"01/10/2020","114.60","114.72","114.78","114.54","1.47M","0.02%"
"01/09/2020","114.58","114.58","114.67","114.38","3.17M","-0.07%"
"01/08/2020","114.66","114.51","114.73","114.49","3.61M","0.26%"
"01/07/2020","114.36","114.51","114.56","114.33","3.10M","0.16%"
"01/06/2020","114.18","114.30","114.36","114.09","4.71M","-0.20%"
"01/03/2020","114.41","114.24","114.50","114.19","1.90M","-0.25%"
"01/02/2020","114.70","114.75","114.77","114.25","2.00M","0.12%"
"12/31/2019","114.56","114.43","114.64","114.36","1.12M","0.01%"
"12/30/2019","114.55","114.51","114.60","114.34","1.57M","-0.17%"
"12/27/2019","114.74","114.36","114.74","114.36","1.83M","0.27%"
"12/26/2019","114.43","114.30","114.44","114.12","731.49K","0.14%"
"12/24/2019","114.27","113.98","114.34","113.93","680.07K","0.18%"
"12/23/2019","114.07","113.96","114.15","113.90","1.56M","0.11%"
"12/20/2019","113.94","113.79","113.94","113.74","3.20M","0.25%"
"12/19/2019","113.66","113.55","113.93","113.55","5.08M","-0.72%"
"12/18/2019","114.49","114.37","114.54","114.32","4.04M","0.19%"
"12/17/2019","114.27","114.06","114.36","114.00","2.70M","0.37%"
"12/16/2019","113.85","113.81","113.91","113.76","3.50M","0.06%"
"12/13/2019","113.78","113.53","113.85","113.36","1.84M","0.37%"
"12/12/2019","113.36","113.47","113.47","113.19","4.48M","0.01%"
"12/11/2019","113.35","112.90","113.35","112.70","2.23M","0.67%"
"12/10/2019","112.60","112.76","112.77","112.57","2.37M","0.00%"
"12/09/2019","112.60","112.55","112.76","112.44","2.54M","0.27%"
"12/06/2019","112.30","112.08","112.38","112.02","2.50M","0.21%"
"12/05/2019","112.07","111.88","112.18","111.78","3.86M","0.30%"
"12/04/2019","111.74","111.85","112.05","111.70","2.50M","0.23%"
"12/03/2019","111.48","111.36","111.53","111.27","2.71M","0.20%"
"12/02/2019","111.26","111.61","111.72","111.18","4.05M","-0.77%"
"11/29/2019","112.12","112.30","112.32","112.04","2.16M","-0.25%"
"11/27/2019","112.40","112.52","112.54","112.31","1.40M","-0.14%"
"11/26/2019","112.56","112.46","112.65","112.39","1.81M","0.27%"
"11/25/2019","112.26","112.34","112.52","112.25","1.79M","-0.01%"
"11/22/2019","112.27","112.20","112.28","112.11","2.55M","0.27%"
"11/21/2019","111.97","112.14","112.23","111.86","1.86M","0.01%"
"11/20/2019","111.96","111.94","112.08","111.82","2.77M","0.17%"
"11/19/2019","111.77","111.77","111.89","111.65","1.81M","-0.22%"
"11/18/2019","112.02","112.38","112.42","111.91","3.85M","-0.47%"
"11/15/2019","112.55","112.62","112.79","112.55","2.28M","0.08%"
"11/14/2019","112.46","112.48","112.61","112.32","2.83M","0.53%"
"11/13/2019","111.87","111.92","111.99","111.83","2.24M","-0.15%"
"11/12/2019","112.04","112.29","112.31","111.99","2.74M","-0.20%"
"11/11/2019","112.27","112.27","112.32","112.22","1.27M","-0.08%"
"11/08/2019","112.36","112.36","112.59","112.28","1.80M","0.14%"
"11/07/2019","112.20","112.65","112.65","112.04","3.86M","-0.35%"
"11/06/2019","112.59","112.78","112.83","112.59","2.21M","0.04%"
"11/05/2019","112.54","112.87","112.97","112.52","5.76M","-0.72%"
"11/04/2019","113.36","113.44","113.50","113.22","3.43M","-0.21%"
"11/01/2019","113.60","113.16","113.74","113.12","8.65M","0.00%"
"10/31/2019","113.60","113.11","113.60","113.01","4.04M","0.45%"
"10/30/2019","113.09","112.85","113.19","112.48","3.27M","0.11%"
"10/29/2019","112.97","113.12","113.22","112.75","3.67M","-0.26%"
"10/28/2019","113.27","113.41","113.45","113.15","4.97M","-0.16%"
"10/25/2019","113.45","113.56","113.64","113.40","1.79M","-0.03%"
"10/24/2019","113.48","113.48","113.60","113.37","1.91M","0.00%"
"10/23/2019","113.48","113.21","113.56","113.15","2.37M","0.18%"
"10/22/2019","113.28","113.09","113.33","113.00","2.69M","0.36%"
"10/21/2019","112.87","113.19","113.20","112.86","3.03M","-0.36%"
"10/18/2019","113.28","113.25","113.35","113.15","1.46M","0.09%"
"10/17/2019","113.18","113.08","113.25","112.89","1.92M","0.14%"
"10/16/2019","113.02","113.08","113.08","112.81","2.08M","-0.16%"
"10/15/2019","113.20","113.13","113.28","113.02","2.33M","0.21%"
"10/14/2019","112.96","112.95","113.13","112.95","3.58M","0.04%"
"10/11/2019","112.91","113.12","113.25","112.77","2.91M","-0.07%"
"10/10/2019","112.99","113.04","113.14","112.85","2.34M","-0.17%"
"10/09/2019","113.18","113.26","113.41","113.00","2.75M","0.01%"
"10/08/2019","113.17","113.35","113.42","113.05","3.35M","-0.10%"
"10/07/2019","113.28","113.68","113.81","113.28","3.27M","-0.56%"
"10/04/2019","113.92","113.43","114.01","113.24","3.85M","0.88%"
"10/03/2019","112.93","112.84","113.27","112.57","8.02M","0.48%"
"10/02/2019","112.39","112.61","112.61","112.33","4.81M","-0.02%"
"10/01/2019","112.41","112.77","112.97","112.35","15.27M","-0.83%"
"09/30/2019","113.35","113.26","113.57","113.26","2.65M","0.11%"
"09/27/2019","113.23","113.55","113.59","113.00","2.83M","-0.13%"
"09/26/2019","113.38","113.45","113.70","113.30","5.40M","0.20%"
"09/25/2019","113.15","113.37","113.57","112.93","4.73M","-0.29%"
"09/24/2019","113.48","113.75","113.88","113.47","3.78M","-0.64%"
"09/23/2019","114.21","114.37","114.43","114.11","3.36M","-0.23%"
"09/20/2019","114.47","114.21","114.61","114.13","2.79M","0.45%"
"09/19/2019","113.96","113.80","114.06","113.67","3.78M","0.44%"
"09/18/2019","113.46","113.76","114.00","113.11","4.13M","0.01%"
"09/17/2019","113.45","113.16","113.60","112.99","4.09M","0.32%"
"09/16/2019","113.09","113.07","113.33","112.90","3.93M","0.43%"
"09/13/2019","112.61","113.47","113.52","112.61","5.71M","-1.15%"
"09/12/2019","113.92","114.70","114.78","113.81","3.56M","0.19%"
"09/11/2019","113.70","113.84","114.09","113.70","3.72M","0.11%"
"09/10/2019","113.58","114.30","114.31","113.46","5.06M","-0.74%"
"09/09/2019","114.43","115.07","115.11","114.26","5.95M","-0.82%"
"09/06/2019","115.38","115.09","115.41","115.09","3.04M","0.36%"
"09/05/2019","114.97","115.52","115.59","114.79","6.56M","-0.54%"
"09/04/2019","115.59","115.17","115.60","115.02","6.14M","0.63%"
"09/03/2019","114.87","114.60","114.91","114.50","5.16M","-0.13%"
"08/30/2019","115.02","114.55","115.02","114.55","2.46M","0.33%"
"08/29/2019","114.64","114.46","114.70","114.38","3.62M","0.23%"
"08/28/2019","114.38","114.36","114.48","114.25","3.25M","0.11%"
"08/27/2019","114.25","114.04","114.33","114.00","7.73M","0.28%"
"08/26/2019","113.93","114.04","114.16","113.82","1.95M","-0.09%"
"08/23/2019","114.03","113.88","114.21","113.71","2.10M","0.04%"
"08/22/2019","113.98","113.99","114.17","113.89","3.45M","0.05%"
"08/21/2019","113.92","113.70","114.03","113.61","3.99M","0.29%"
"08/20/2019","113.59","113.44","113.61","113.39","2.19M","0.03%"
"08/19/2019","113.56","113.57","113.67","113.47","2.31M","-0.40%"
"08/16/2019","114.02","113.71","114.13","113.64","2.69M","0.57%"
"08/15/2019","113.37","113.16","113.38","112.99","5.57M","0.40%"
"08/14/2019","112.92","113.17","113.30","112.83","3.47M","-0.13%"
"08/13/2019","113.07","112.77","113.70","112.55","5.70M","-0.14%"
"08/12/2019","113.23","113.24","113.52","113.02","3.85M","-1.05%"
"08/09/2019","114.43","114.57","114.72","114.36","4.17M","-0.05%"
"08/08/2019","114.49","114.09","114.53","114.08","5.81M","0.50%"
"08/07/2019","113.92","113.78","114.14","113.68","6.91M","0.50%"
"08/06/2019","113.35","113.28","113.43","113.11","4.56M","0.70%"
"08/05/2019","112.56","112.93","113.20","112.48","6.51M","-0.99%"
"08/02/2019","113.68","113.54","113.68","113.43","6.16M","-0.06%"
"08/01/2019","113.75","113.23","114.00","113.02","9.05M","0.06%"
"07/31/2019","113.68","113.94","114.22","113.15","5.49M","-0.21%"
"07/30/2019","113.92","113.94","113.96","113.77","2.97M","-0.17%"
"07/29/2019","114.11","114.09","114.13","113.92","4.99M","-0.01%"
"07/26/2019","114.12","114.15","114.25","113.91","4.83M","-0.05%"
"07/25/2019","114.18","114.46","114.50","113.99","2.37M","-0.15%"
"07/24/2019","114.35","113.60","114.35","113.60","3.05M","0.23%"
"07/23/2019","114.09","113.90","114.09","113.83","2.81M","0.31%"
"07/22/2019","113.74","113.70","113.81","113.63","2.11M","0.35%"
"07/19/2019","113.34","113.59","113.59","113.18","5.46M","-0.15%"
"07/18/2019","113.51","113.34","113.51","113.05","4.85M","0.19%"
"07/17/2019","113.30","113.42","113.50","113.17","3.53M","0.11%"
"07/16/2019","113.17","113.31","113.39","113.07","4.31M","-0.05%"
"07/15/2019","113.23","112.98","113.30","112.98","3.88M","0.20%"
"07/12/2019","113.00","112.86","113.06","112.69","2.59M","0.20%"
"07/11/2019","112.77","113.18","113.29","112.65","3.42M","-0.29%"
"07/10/2019","113.10","113.28","113.33","113.01","2.81M","0.16%"
"07/09/2019","112.92","112.97","113.04","112.88","5.12M","-0.24%"
"07/08/2019","113.19","113.45","113.46","113.19","2.87M","-0.14%"
"07/05/2019","113.35","113.69","113.69","113.02","4.95M","-0.52%"
"07/03/2019","113.94","113.74","113.96","113.65","2.19M","0.27%"
"07/02/2019","113.63","113.45","113.67","113.34","3.95M","0.18%"
"07/01/2019","113.43","113.60","113.68","113.13","7.91M","0.12%"
"06/28/2019","113.29","113.39","113.40","113.23","2.35M","0.15%"
"06/27/2019","113.12","112.92","113.24","112.85","2.61M","0.41%"
"06/26/2019","112.66","112.87","112.97","112.59","7.81M","0.17%"
"06/25/2019","112.47","113.05","113.06","112.40","6.13M","-0.51%"
"06/24/2019","113.05","113.18","113.24","112.99","2.29M","0.19%"
"06/21/2019","112.83","113.30","113.50","112.83","7.05M","-0.97%"
"06/20/2019","113.94","113.89","113.95","113.64","5.62M","0.45%"
"06/19/2019","113.43","112.32","113.45","112.16","5.36M","0.87%"
"06/18/2019","112.45","112.14","112.45","112.13","5.86M","1.02%"
"06/17/2019","111.32","111.28","111.39","111.10","2.15M","0.04%"
"06/14/2019","111.27","111.23","111.29","111.18","2.46M","-0.08%"
"06/13/2019","111.36","111.16","111.36","111.06","3.00M","0.23%"
"06/12/2019","111.11","111.29","111.33","111.02","2.44M","-0.08%"
"06/11/2019","111.20","111.35","111.47","111.20","1.92M","-0.13%"
"06/10/2019","111.35","111.37","111.51","111.33","2.19M","-0.13%"
"06/07/2019","111.49","111.07","111.60","111.00","4.07M","0.60%"
"06/06/2019","110.82","110.54","110.85","110.52","2.95M","0.38%"
"06/05/2019","110.40","110.53","110.64","110.27","3.10M","0.32%"
"06/04/2019","110.05","109.61","110.16","109.58","5.43M","0.60%"
"06/03/2019","109.39","109.09","109.40","109.08","7.94M","-0.46%"
"05/31/2019","109.89","109.50","109.92","109.36","3.54M","0.00%"
"05/30/2019","109.89","109.82","109.96","109.61","2.66M","0.30%"
"05/29/2019","109.56","109.51","109.68","109.44","1.81M","-0.05%"
"05/28/2019","109.62","109.58","109.78","109.50","2.66M","0.13%"
"05/24/2019","109.48","109.61","109.82","109.39","2.21M","0.10%"
"05/23/2019","109.37","109.35","109.45","109.20","3.44M","-0.14%"
"05/22/2019","109.52","109.75","109.83","109.44","2.43M","-0.05%"
"05/21/2019","109.58","109.58","109.77","109.48","3.30M","0.12%"
"05/20/2019","109.45","109.13","109.48","109.01","5.05M","0.45%"
"05/17/2019","108.96","109.17","109.30","108.94","2.72M","-0.23%"
"05/16/2019","109.21","109.39","109.42","109.20","2.66M","0.02%"
"05/15/2019","109.19","109.04","109.27","108.82","5.29M","0.37%"
"05/14/2019","108.79","108.81","109.00","108.65","4.52M","0.31%"
"05/13/2019","108.45","108.87","108.94","108.41","12.32M","-0.80%"
"05/10/2019","109.33","109.14","109.49","108.84","7.13M","0.34%"
"05/09/2019","108.96","108.93","109.25","108.64","7.47M","-0.30%"
"05/08/2019","109.29","109.15","109.50","109.14","3.27M","0.11%"
"05/07/2019","109.17","109.32","109.55","108.93","6.95M","-0.53%"
"05/06/2019","109.75","109.41","109.77","109.32","2.70M","-0.02%"
"05/03/2019","109.77","109.38","109.77","109.32","4.87M","0.57%"
"05/02/2019","109.15","109.47","109.50","109.00","5.02M","-0.16%"
"05/01/2019","109.32","109.50","110.03","109.10","4.64M","-0.44%"
"04/30/2019","109.80","109.88","109.98","109.66","2.83M","0.15%"
"04/29/2019","109.64","109.54","109.81","109.45","3.86M","0.10%"
"04/26/2019","109.53","109.77","109.93","109.39","2.90M","-0.06%"
"04/25/2019","109.60","109.01","109.87","108.89","8.12M","0.14%"
"04/24/2019","109.45","109.83","109.92","109.29","4.37M","-0.28%"
"04/23/2019","109.76","109.53","109.91","109.51","3.61M","0.30%"
"04/22/2019","109.43","109.45","109.55","109.22","1.93M","-0.07%"
"04/18/2019","109.51","109.61","109.69","109.43","5.19M","0.08%"
"04/17/2019","109.42","109.73","109.73","109.40","6.14M","0.09%"
"04/16/2019","109.32","109.55","109.66","109.32","4.77M","-0.19%"
"04/15/2019","109.53","109.53","109.72","109.36","8.28M","0.06%"
"04/12/2019","109.46","109.31","109.68","109.31","7.80M","-0.01%"
"04/11/2019","109.47","109.53","109.71","109.40","5.43M","-0.36%"
"04/10/2019","109.87","109.75","109.93","109.69","2.85M","0.20%"
"04/09/2019","109.65","110.03","110.03","109.58","11.59M","0.06%"
"04/08/2019","109.58","109.96","109.97","109.58","4.78M","-0.40%"
"04/05/2019","110.02","109.77","110.21","109.75","3.37M","0.39%"
"04/04/2019","109.59","109.70","109.89","109.58","3.54M","-0.03%"
"04/03/2019","109.62","109.85","109.95","109.61","2.86M","-0.23%"
"04/02/2019","109.87","109.89","109.95","109.56","3.91M","0.06%"
"04/01/2019","109.80","110.00","110.09","109.76","5.36M","-0.24%"
"03/29/2019","110.06","110.19","110.34","109.95","3.85M","0.09%"
"03/28/2019","109.96","109.56","109.99","109.52","3.53M","0.21%"
"03/27/2019","109.73","109.90","110.05","109.42","6.02M","-0.37%"
"03/26/2019","110.14","109.98","110.22","109.94","4.47M","0.09%"
"03/25/2019","110.04","109.40","110.04","109.34","5.68M","0.56%"
"03/22/2019","109.43","109.75","109.81","109.30","5.78M","-0.66%"
"03/21/2019","110.16","110.15","110.30","110.03","4.21M","-0.03%"
"03/20/2019","110.19","109.22","110.37","108.97","7.30M","0.89%"
"03/19/2019","109.22","109.34","109.50","109.14","5.54M","0.07%"
"03/18/2019","109.14","109.18","109.30","109.01","3.65M","0.09%"
"03/15/2019","109.04","108.95","109.09","108.83","5.16M","0.41%"
"03/14/2019","108.60","108.82","108.82","108.53","4.13M","-0.15%"
"03/13/2019","108.76","108.70","108.79","108.50","2.46M","0.03%"
"03/12/2019","108.73","108.57","108.81","108.57","3.54M","0.31%"
"03/11/2019","108.39","108.25","108.46","108.21","4.40M","0.37%"
"03/08/2019","107.99","107.66","107.99","107.48","4.36M","0.28%"
"03/07/2019","107.69","108.15","108.15","107.64","7.93M","-0.23%"
"03/06/2019","107.94","108.08","108.22","107.91","3.15M","-0.08%"
"03/05/2019","108.03","107.98","108.08","107.82","3.17M","0.05%"
"03/04/2019","107.98","108.25","108.25","107.76","5.61M","-0.06%"
"03/01/2019","108.04","108.33","108.43","108.04","4.83M","-0.76%"
"02/28/2019","108.87","109.00","109.00","108.69","5.15M","-0.06%"
"02/27/2019","108.94","109.28","109.31","108.78","4.39M","0.03%"
"02/26/2019","108.91","108.74","109.02","108.61","2.97M","0.29%"
"02/25/2019","108.59","108.96","109.05","108.56","4.95M","-0.17%"
"02/22/2019","108.77","108.33","108.80","108.33","2.91M","0.62%"
"02/21/2019","108.10","108.40","108.44","108.08","2.77M","-0.06%"
"02/20/2019","108.17","108.25","108.36","108.08","1.98M","0.01%"
"02/19/2019","108.16","108.29","108.41","108.14","3.98M","-0.06%"
"02/15/2019","108.23","108.28","108.32","108.03","8.22M","0.08%"
"02/14/2019","108.14","107.91","108.28","107.78","3.10M","0.26%"
"02/13/2019","107.86","108.10","108.18","107.85","5.84M","0.01%"
"02/12/2019","107.85","107.93","108.01","107.69","3.23M","0.37%"
"02/11/2019","107.45","107.50","107.69","107.36","5.68M","-0.23%"
"02/08/2019","107.70","107.90","108.00","107.62","4.34M","-0.44%"
"02/07/2019","108.18","108.18","108.29","108.00","7.51M","-0.18%"
"02/06/2019","108.38","108.40","108.60","108.25","3.68M","-0.51%"
"02/05/2019","108.94","108.82","109.04","108.49","5.91M","0.67%"
"02/04/2019","108.22","108.23","108.42","108.01","5.97M","-0.34%"
"02/01/2019","108.59","108.25","108.68","108.02","13.48M","-0.27%"
"01/31/2019","108.88","108.60","109.04","108.56","8.41M","0.76%"
"01/30/2019","108.06","107.09","108.21","107.06","5.27M","0.71%"
"01/29/2019","107.30","107.18","107.31","106.99","4.03M","0.08%"
"01/28/2019","107.21","107.29","107.29","107.00","5.49M","-0.45%"
"01/25/2019","107.70","107.85","107.96","107.60","6.43M","-0.09%"
"01/24/2019","107.80","107.70","107.85","107.62","3.14M","0.48%"
"01/23/2019","107.28","107.15","107.39","107.01","3.43M","0.50%"
"01/22/2019","106.75","106.76","106.86","106.53","5.98M","0.03%"
"01/18/2019","106.72","106.59","106.92","106.47","7.72M","0.48%"
"01/17/2019","106.21","105.87","106.28","105.62","4.99M","0.34%"
"01/16/2019","105.85","106.21","106.22","105.83","3.55M","0.09%"
"01/15/2019","105.76","105.72","105.91","105.69","6.46M","0.34%"
"01/14/2019","105.40","105.33","105.52","105.28","3.39M","-0.11%"
"01/11/2019","105.52","105.45","105.61","105.12","4.43M","0.01%"
"01/10/2019","105.51","105.46","105.69","105.26","5.08M","-0.18%"
"01/09/2019","105.70","105.75","105.88","105.51","4.32M","0.18%"
"01/08/2019","105.51","105.28","105.54","105.06","4.46M","-0.08%"
"01/07/2019","105.59","105.36","105.69","105.24","8.32M","0.43%"
"01/04/2019","105.14","104.56","105.28","104.56","6.79M","0.76%"
"01/03/2019","104.35","103.91","104.71","103.84","3.99M","0.42%"
"01/02/2019","103.91","103.66","104.23","103.57","4.24M","0.00%"
"12/31/2018","103.91","103.71","103.95","103.59","2.04M","0.35%"
"12/28/2018","103.55","103.47","103.91","103.36","3.23M","0.07%"
"12/27/2018","103.48","102.85","103.55","102.84","2.84M","0.42%"
"12/26/2018","103.05","102.99","103.49","102.62","2.58M","0.15%"
"12/24/2018","102.90","103.11","103.14","102.73","1.86M","-0.05%"
"12/21/2018","102.95","103.11","103.42","102.77","8.37M","-0.32%"
"12/20/2018","103.28","103.65","103.84","103.26","5.10M","-0.18%"
"12/19/2018","103.47","103.74","103.92","103.22","9.69M","-0.14%"
"12/18/2018","103.61","103.67","103.94","103.46","9.26M","-1.13%"
"12/17/2018","104.79","104.85","104.93","104.58","3.54M","0.13%"
"12/14/2018","104.65","104.72","104.90","104.58","3.50M","0.02%"
"12/13/2018","104.63","104.92","104.97","104.48","4.41M","0.29%"
"12/12/2018","104.33","104.49","104.67","104.27","3.19M","0.18%"
"12/11/2018","104.14","104.22","104.37","104.05","3.53M","0.07%"
"12/10/2018","104.07","104.18","104.27","103.84","3.95M","0.00%"
"12/07/2018","104.07","104.16","104.37","103.99","5.34M","0.10%"
"12/06/2018","103.97","103.63","103.98","103.45","6.49M","0.30%"
"12/04/2018","103.66","104.07","104.23","103.47","5.87M","-0.29%"
"12/03/2018","103.96","104.33","104.44","103.89","5.51M","0.26%"
"11/30/2018","103.69","103.66","103.89","103.50","4.02M","0.22%"
"11/29/2018","103.46","103.81","103.91","103.40","6.06M","-0.17%"
"11/28/2018","103.64","102.80","103.72","102.58","4.86M","1.25%"
"11/27/2018","102.36","102.71","103.07","102.15","4.52M","-0.70%"
"11/26/2018","103.08","102.96","103.21","102.85","3.98M","0.15%"
"11/23/2018","102.93","103.15","103.16","102.92","1.57M","-0.35%"
"11/21/2018","103.29","103.39","103.55","103.26","2.43M","0.46%"
"11/20/2018","102.82","102.91","103.22","102.72","5.69M","-0.81%"
"11/19/2018","103.66","103.95","104.00","103.63","2.51M","-0.36%"
"11/16/2018","104.03","103.20","104.11","103.20","4.18M","0.15%"
"11/15/2018","103.87","104.11","104.16","103.77","3.86M","-0.41%"
"11/14/2018","104.30","104.26","104.35","104.12","1.84M","0.19%"
"11/13/2018","104.10","104.18","104.32","104.03","5.85M","-0.12%"
"11/12/2018","104.23","104.45","104.46","104.19","1.38M","-0.36%"
"11/09/2018","104.61","104.52","104.68","104.30","2.24M","0.05%"
"11/08/2018","104.56","104.82","104.92","104.56","3.57M","-0.37%"
"11/07/2018","104.95","105.12","105.20","104.79","3.43M","0.24%"
"11/06/2018","104.70","104.95","104.98","104.64","3.05M","-0.12%"
"11/05/2018","104.83","104.78","104.95","104.63","8.17M","0.24%"
"11/02/2018","104.58","104.91","104.98","104.50","3.27M","-0.11%"
"11/01/2018","104.70","104.49","104.79","104.35","4.56M","0.04%"
"10/31/2018","104.66","104.90","104.96","104.59","3.56M","-0.42%"
"10/30/2018","105.10","104.94","105.12","104.84","2.17M","0.10%"
"10/29/2018","104.99","105.40","105.48","104.95","3.22M","-0.43%"
"10/26/2018","105.44","105.31","105.55","105.22","3.10M","0.13%"
"10/25/2018","105.30","105.12","105.58","105.12","3.06M","0.31%"
"10/24/2018","104.97","105.46","105.57","104.91","2.06M","-0.39%"
"10/23/2018","105.38","105.18","105.47","105.13","2.67M","0.03%"
"10/22/2018","105.35","105.56","105.69","105.30","3.03M","-0.10%"
"10/19/2018","105.46","105.65","105.69","105.39","5.45M","-0.11%"
"10/18/2018","105.58","105.84","105.84","105.45","3.54M","-0.38%"
"10/17/2018","105.98","106.21","106.31","105.91","3.15M","-0.24%"
"10/16/2018","106.23","106.08","106.36","105.90","3.37M","0.38%"
"10/15/2018","105.83","105.73","105.97","105.73","3.01M","0.02%"
"10/12/2018","105.81","105.96","106.02","105.62","2.91M","0.23%"
"10/11/2018","105.57","105.49","105.71","105.05","3.54M","0.15%"
"10/10/2018","105.41","105.78","105.85","105.40","2.74M","-0.42%"
"10/09/2018","105.85","105.52","105.89","105.45","3.09M","0.04%"
"10/08/2018","105.81","105.65","105.90","105.65","2.11M","-0.03%"
"10/05/2018","105.84","105.91","106.05","105.61","10.61M","-0.30%"
"10/04/2018","106.16","106.29","106.62","105.96","5.84M","-0.70%"
"10/03/2018","106.91","107.61","107.70","106.86","3.70M","-0.52%"
"10/02/2018","107.47","107.28","107.57","107.17","4.70M","0.10%"
"10/01/2018","107.36","107.52","107.72","107.33","3.14M","-0.42%"
"09/28/2018","107.81","108.04","108.05","107.81","4.04M","-0.25%"
"09/27/2018","108.08","108.05","108.11","107.88","3.78M","0.35%"
"09/26/2018","107.70","107.42","107.78","107.32","4.93M","0.46%"
"09/25/2018","107.21","107.04","107.21","106.82","3.75M","0.07%"
"09/24/2018","107.13","107.29","107.44","107.12","2.86M","-0.10%"
"09/21/2018","107.24","107.08","107.34","106.97","5.28M","0.21%"
"09/20/2018","107.01","106.82","107.07","106.64","2.89M","0.56%"
"09/19/2018","106.41","106.28","106.50","106.26","1.59M","0.36%"
"09/18/2018","106.03","106.25","106.36","105.99","2.80M","-0.31%"
"09/17/2018","106.36","106.40","106.56","106.24","1.81M","-0.31%"
"09/14/2018","106.69","106.78","106.78","106.45","2.14M","0.11%"
"09/13/2018","106.57","106.39","106.72","106.26","5.34M","0.98%"
"09/12/2018","105.54","105.41","105.78","105.33","3.02M","0.32%"
"09/11/2018","105.20","105.20","105.31","105.07","3.78M","-0.19%"
"09/10/2018","105.40","105.57","105.59","105.35","1.74M","-0.19%"
"09/07/2018","105.60","105.86","105.96","105.56","3.71M","-0.26%"
"09/06/2018","105.88","105.98","106.20","105.53","4.23M","0.45%"
"09/05/2018","105.41","105.11","105.58","105.10","5.36M","0.07%"
"09/04/2018","105.34","105.00","105.51","104.98","5.45M","-0.72%"
"08/31/2018","106.10","106.12","106.60","106.06","3.59M","-0.31%"
"08/30/2018","106.43","106.71","106.79","106.31","3.15M","-0.55%"
"08/29/2018","107.02","107.12","107.38","106.85","3.28M","-0.30%"
"08/28/2018","107.34","107.52","107.55","107.32","3.02M","-0.19%"
"08/27/2018","107.54","107.31","107.63","107.31","1.93M","0.13%"
"08/24/2018","107.40","107.28","107.48","107.06","1.95M","0.26%"
"08/23/2018","107.12","107.47","107.59","107.08","2.31M","-0.49%"
"08/22/2018","107.65","107.57","107.70","107.37","2.94M","0.44%"
"08/21/2018","107.18","106.99","107.28","106.99","2.58M","0.28%"
"08/20/2018","106.88","106.87","106.92","106.63","1.84M","-0.13%"
"08/17/2018","107.02","106.59","107.09","106.53","1.87M","0.40%"
"08/16/2018","106.59","106.52","106.80","106.44","2.55M","0.21%"
"08/15/2018","106.37","106.37","106.58","106.01","2.96M","-0.21%"
"08/14/2018","106.59","106.55","106.71","106.29","2.45M","0.65%"
"08/13/2018","105.90","105.30","106.02","105.27","7.74M","-0.44%"
"08/10/2018","106.37","106.60","106.68","106.08","7.19M","-1.13%"
"08/09/2018","107.59","107.78","107.95","107.39","3.01M","-0.35%"
"08/08/2018","107.97","107.90","108.02","107.75","4.28M","0.00%"
"08/07/2018","107.97","108.17","108.26","107.97","1.37M","-0.15%"
"08/06/2018","108.13","108.33","108.39","108.11","1.81M","-0.17%"
"08/03/2018","108.31","108.26","108.48","108.16","1.40M","0.22%"
"08/02/2018","108.07","107.80","108.16","107.59","1.92M","-0.08%"
"08/01/2018","108.16","108.47","108.48","108.06","2.99M","-0.83%"
"07/31/2018","109.06","109.11","109.33","109.02","2.01M","-0.18%"
"07/30/2018","109.26","109.52","109.55","109.21","2.85M","-0.28%"
"07/27/2018","109.57","109.65","109.77","109.54","2.25M","0.17%"
"07/26/2018","109.38","109.45","109.65","109.31","1.71M","0.08%"
"07/25/2018","109.29","108.73","109.29","108.58","3.07M","0.90%"
"07/24/2018","108.32","108.43","108.47","108.29","1.64M","-0.09%"
"07/23/2018","108.42","108.58","108.75","108.33","1.15M","-0.13%"
"07/20/2018","108.56","108.99","108.99","108.45","2.89M","-0.09%"
"07/19/2018","108.66","108.50","108.78","108.47","1.75M","-0.02%"
"07/18/2018","108.68","108.69","108.94","108.58","3.87M","-0.09%"
"07/17/2018","108.78","108.49","108.81","108.46","3.36M","-0.01%"
"07/16/2018","108.79","109.03","109.29","108.64","2.29M","-0.26%"
"07/13/2018","109.07","108.90","109.10","108.79","1.83M","0.52%"
"07/12/2018","108.51","108.43","108.52","108.27","2.69M","0.19%"
"07/11/2018","108.30","108.50","108.50","108.20","3.60M","-0.41%"
"07/10/2018","108.75","108.46","108.85","108.39","3.24M","0.18%"
"07/09/2018","108.56","108.75","108.84","108.46","2.39M","0.28%"
"07/06/2018","108.26","107.80","108.39","107.47","3.27M","0.86%"
"07/05/2018","107.34","107.27","107.45","106.92","3.75M","0.64%"
"07/03/2018","106.66","106.60","106.86","106.41","2.37M","0.32%"
"07/02/2018","106.32","106.09","106.38","105.93","3.66M","-0.42%"
"06/29/2018","106.77","107.10","107.20","106.73","3.39M","0.01%"
"06/28/2018","106.76","106.54","106.82","106.40","2.55M","0.20%"
"06/27/2018","106.55","106.85","106.85","106.54","2.13M","-0.20%"
"06/26/2018","106.76","106.76","106.85","106.54","1.79M","-0.14%"
"06/25/2018","106.91","107.11","107.28","106.78","1.71M","-0.46%"
"06/22/2018","107.40","107.34","107.64","107.09","4.18M","0.56%"
"06/21/2018","106.80","106.53","106.82","106.44","3.22M","0.37%"
"06/20/2018","106.41","106.74","106.83","106.32","7.58M","0.22%"
"06/19/2018","106.18","105.27","106.22","105.17","7.58M","-0.03%"
"06/18/2018","106.21","106.44","106.44","106.08","4.09M","-0.53%"
"06/15/2018","106.78","106.86","106.98","106.59","6.64M","0.21%"
"06/14/2018","106.56","107.32","107.55","106.47","4.46M","-0.12%"
"06/13/2018","106.69","106.80","106.96","106.40","3.71M","-0.32%"
"06/12/2018","107.03","107.01","107.15","106.90","2.27M","-0.42%"
"06/11/2018","107.48","107.50","107.56","107.45","3.21M","-0.20%"
"06/08/2018","107.69","107.64","107.77","107.35","3.29M","0.09%"
"06/07/2018","107.59","107.93","107.98","107.38","6.19M","-0.28%"
"06/06/2018","107.89","107.97","108.02","107.72","2.14M","-0.22%"
"06/05/2018","108.13","108.19","108.31","108.07","1.74M","0.16%"
"06/04/2018","107.96","108.11","108.26","107.93","2.16M","-0.04%"
"06/01/2018","108.00","107.74","108.05","107.58","2.78M","-0.77%"
"05/31/2018","108.84","109.10","109.14","108.53","3.38M","-0.41%"
"05/30/2018","109.29","109.28","109.37","109.18","2.71M","-0.03%"
"05/29/2018","109.32","109.51","109.56","109.14","3.11M","-0.27%"
"05/25/2018","109.62","109.51","109.70","109.50","1.69M","0.25%"
"05/24/2018","109.35","109.28","109.44","109.09","2.60M","0.30%"
"05/23/2018","109.02","108.38","109.10","108.36","3.10M","0.62%"
"05/22/2018","108.35","108.33","108.52","108.05","2.73M","0.39%"
"05/21/2018","107.93","107.66","108.02","107.64","3.28M","0.02%"
"05/18/2018","107.91","107.78","107.99","107.67","4.91M","-0.11%"
"05/17/2018","108.03","108.20","108.48","107.90","4.20M","-0.40%"
"05/16/2018","108.46","108.36","108.57","108.27","3.52M","0.21%"
"05/15/2018","108.23","108.17","108.37","107.99","5.33M","-0.69%"
"05/14/2018","108.98","109.12","109.22","108.85","4.60M","-0.17%"
"05/11/2018","109.17","109.10","109.25","108.83","6.02M","0.42%"
"05/10/2018","108.71","108.78","109.24","108.50","4.06M","1.27%"
"05/09/2018","107.35","107.07","107.38","106.93","3.88M","-0.18%"
"05/08/2018","107.54","107.95","108.10","106.98","4.25M","-0.59%"
"05/07/2018","108.18","108.52","108.62","108.12","1.84M","-0.41%"
"05/04/2018","108.63","108.18","108.71","107.67","3.25M","0.08%"
"05/03/2018","108.54","108.79","108.79","108.48","3.85M","-0.11%"
"05/02/2018","108.66","109.10","109.35","108.56","3.87M","-0.79%"
"05/01/2018","109.53","109.57","109.65","109.25","3.34M","-0.55%"
"04/30/2018","110.14","110.49","110.55","110.08","1.98M","-0.32%"
"04/27/2018","110.49","110.30","110.50","110.25","1.25M","0.08%"
"04/26/2018","110.40","110.56","110.67","110.23","2.23M","0.08%"
"04/25/2018","110.31","110.45","110.50","110.09","1.93M","-0.36%"
"04/24/2018","110.71","111.07","111.17","110.60","1.67M","-0.15%"
"04/23/2018","110.88","110.89","111.00","110.73","2.05M","-0.24%"
"04/20/2018","111.15","111.37","111.40","111.06","3.19M","-0.44%"
"04/19/2018","111.64","111.88","111.96","111.47","3.14M","-0.35%"
"04/18/2018","112.03","112.14","112.25","112.03","3.19M","0.00%"
"04/17/2018","112.03","112.11","112.20","112.02","2.21M","-0.21%"
"04/16/2018","112.27","112.26","112.28","112.05","1.15M","-0.12%"
"04/13/2018","112.41","112.32","112.49","112.26","1.18M","0.08%"
"04/12/2018","112.32","112.40","112.48","112.26","1.73M","0.00%"
"04/11/2018","112.32","112.15","112.39","112.13","941.00K","0.04%"
"04/10/2018","112.28","112.39","112.46","112.20","2.81M","-0.16%"
"04/09/2018","112.46","112.42","112.51","112.37","1.19M","-0.10%"
"04/06/2018","112.57","112.76","112.78","112.41","2.94M","0.15%"
"04/05/2018","112.40","112.58","112.67","112.36","3.00M","-0.04%"
"04/04/2018","112.44","112.21","112.57","112.20","1.69M","0.12%"
"04/03/2018","112.31","112.40","112.40","112.19","2.35M","0.07%"
"04/02/2018","112.23","112.23","112.28","112.05","1.59M","-0.52%"
"03/29/2018","112.82","112.55","112.92","112.54","3.03M","0.53%"
"03/28/2018","112.22","112.17","112.30","112.08","2.31M","0.26%"
"03/27/2018","111.93","112.08","112.18","111.89","2.25M","0.15%"
"03/26/2018","111.76","111.45","111.86","111.44","4.07M","0.60%"
"03/23/2018","111.09","111.46","111.68","111.01","3.39M","-0.40%"
"03/22/2018","111.54","111.90","112.00","111.39","2.29M","-0.29%"
"03/21/2018","111.87","111.59","112.05","111.57","2.37M","0.30%"
"03/20/2018","111.53","111.53","111.57","111.46","1.50M","-0.21%"
"03/19/2018","111.76","111.88","112.20","111.70","1.87M","-0.42%"
"03/16/2018","112.23","112.22","112.31","112.14","1.18M","-0.01%"
"03/15/2018","112.24","112.31","112.36","112.20","1.41M","-0.08%"
"03/14/2018","112.33","112.26","112.52","112.17","1.89M","0.22%"
"03/13/2018","112.08","112.24","112.26","112.04","1.45M","-0.16%"
"03/12/2018","112.26","112.26","112.31","112.11","903.34K","-0.02%"
"03/09/2018","112.28","112.21","112.37","112.13","1.94M","0.20%"
"03/08/2018","112.06","112.03","112.18","111.94","1.48M","0.01%"
"03/07/2018","112.05","112.08","112.13","111.89","1.73M","-0.11%"
"03/06/2018","112.17","112.32","112.45","112.03","2.07M","0.15%"
"03/05/2018","112.00","112.12","112.18","111.87","2.72M","-0.15%"
"03/02/2018","112.17","111.81","112.23","111.79","3.03M","0.34%"
"03/01/2018","111.79","112.05","112.21","111.74","5.75M","-0.67%"
"02/28/2018","112.54","112.69","112.91","112.50","2.86M","-0.21%"
"02/27/2018","112.78","113.12","113.19","112.44","4.54M","-0.19%"
"02/26/2018","112.99","112.74","113.07","112.62","3.16M","0.28%"
"02/23/2018","112.68","112.06","112.81","112.06","4.69M","0.75%"
"02/22/2018","111.84","112.13","112.33","111.80","3.24M","0.11%"
"02/21/2018","111.72","112.44","112.53","111.65","2.28M","-0.35%"
"02/20/2018","112.11","112.40","112.49","112.01","2.04M","-0.66%"
"02/16/2018","112.85","112.66","113.02","112.50","4.31M","0.66%"
"02/15/2018","112.11","111.64","112.19","111.63","3.14M","0.66%"
"02/14/2018","111.38","111.12","111.44","111.06","3.20M","-0.22%"
"02/13/2018","111.63","112.12","112.12","111.39","4.15M","-0.37%"
"02/12/2018","112.04","112.18","112.31","111.90","4.46M","0.16%"
"02/09/2018","111.86","111.95","112.15","111.42","6.24M","-0.29%"
"02/08/2018","112.19","113.24","113.27","112.14","6.04M","-1.13%"
"02/07/2018","113.47","114.04","114.17","113.31","6.80M","-0.18%"
"02/06/2018","113.67","113.71","113.98","113.46","5.53M","0.19%"
"02/05/2018","113.46","113.90","114.42","113.22","9.92M","-0.57%"
"02/02/2018","114.11","114.56","114.57","114.06","5.54M","-0.77%"
"02/01/2018","115.00","115.00","115.25","114.94","4.76M","-0.31%"
"01/31/2018","115.36","115.43","115.54","115.22","4.58M","0.15%"
"01/30/2018","115.19","115.37","115.38","115.16","2.72M","-0.17%"
"01/29/2018","115.39","115.49","115.57","115.37","3.25M","-0.54%"
"01/26/2018","116.02","115.99","116.04","115.78","2.17M","0.19%"
"01/25/2018","115.80","115.75","115.87","115.58","1.94M","0.14%"
"01/24/2018","115.64","115.62","115.66","115.42","2.54M","-0.15%"
"01/23/2018","115.81","115.86","115.90","115.69","1.81M","0.19%"
"01/22/2018","115.59","115.48","115.67","115.35","2.13M","0.02%"
"01/19/2018","115.57","115.74","115.77","115.51","3.80M","-0.28%"
"01/18/2018","115.90","115.94","116.03","115.83","2.18M","-0.23%"
"01/17/2018","116.17","116.11","116.22","116.02","1.97M","0.03%"
"01/16/2018","116.14","116.16","116.33","116.07","3.56M","0.01%"
"01/12/2018","116.13","115.77","116.14","115.75","1.65M","0.15%"
"01/11/2018","115.96","115.85","116.00","115.81","1.79M","0.13%"
"01/10/2018","115.81","115.71","115.82","115.60","2.12M","-0.29%"
"01/09/2018","116.15","116.50","116.50","116.06","2.98M","-0.31%"
"01/08/2018","116.51","116.60","116.72","116.39","3.41M","-0.18%"
"01/05/2018","116.72","116.82","116.86","116.57","1.71M","0.06%"
"01/04/2018","116.65","116.55","116.65","116.33","2.97M","0.26%"
"01/03/2018","116.35","116.58","116.58","116.22","3.11M","-0.04%"
"01/02/2018","116.40","116.03","116.44","116.02","5.97M","0.26%"
"12/29/2017","116.10","116.04","116.22","115.87","1.11M","0.13%"
"12/28/2017","115.95","116.01","116.01","115.84","761.13K","0.03%"
"12/27/2017","115.91","115.87","116.01","115.67","932.68K","0.09%"
"12/26/2017","115.80","115.74","115.87","115.67","619.36K","0.05%"
"12/22/2017","115.74","115.43","115.80","115.41","1.79M","0.33%"
"12/21/2017","115.36","115.46","115.55","115.31","1.86M","-0.33%"
"12/20/2017","115.74","115.87","115.87","115.62","1.95M","-0.16%"
"12/19/2017","115.92","116.05","116.10","115.82","1.05M","-0.22%"
"12/18/2017","116.17","116.18","116.25","116.05","1.56M","0.10%"
"12/15/2017","116.05","116.03","116.17","115.84","1.18M","0.13%"
"12/14/2017","115.90","115.80","115.95","115.72","3.15M","0.05%"
"12/13/2017","115.84","115.61","116.15","115.56","1.89M","0.29%"
"12/12/2017","115.51","115.47","115.53","115.33","1.02M","0.03%"
"12/11/2017","115.47","115.62","115.70","115.45","2.00M","-0.05%"
"12/08/2017","115.53","115.59","115.69","115.41","1.25M","0.02%"
"12/07/2017","115.51","115.65","115.65","115.40","1.66M","-0.21%"
"12/06/2017","115.75","115.75","115.85","115.67","1.45M","0.09%"
"12/05/2017","115.65","115.59","115.72","115.51","1.22M","0.14%"
"12/04/2017","115.49","115.44","115.52","115.34","2.19M","0.06%"
"12/01/2017","115.42","115.35","115.58","115.20","2.35M","-0.06%"
"11/30/2017","115.49","115.69","115.79","115.41","5.26M","-0.10%"
"11/29/2017","115.61","115.83","115.83","115.59","1.89M","-0.36%"
"11/28/2017","116.03","116.01","116.14","115.86","1.86M","0.14%"
"11/27/2017","115.87","116.02","116.03","115.81","1.52M","0.04%"
"11/24/2017","115.82","115.87","115.90","115.78","388.55K","-0.03%"
"11/22/2017","115.86","115.61","115.93","115.48","1.21M","0.42%"
"11/21/2017","115.37","115.30","115.46","115.25","1.25M","0.14%"
"11/20/2017","115.21","115.20","115.28","115.17","829.12K","-0.03%"
"11/17/2017","115.24","115.12","115.33","115.07","1.19M","0.18%"
"11/16/2017","115.03","114.86","115.16","114.79","3.36M","0.40%"
"11/15/2017","114.57","114.55","114.64","114.43","1.34M","0.07%"
"11/14/2017","114.49","114.41","114.57","114.32","1.95M","-0.08%"
"11/13/2017","114.58","114.50","114.69","114.50","1.84M","0.11%"
"11/10/2017","114.45","114.36","114.47","114.18","1.95M","0.08%"
"11/09/2017","114.36","114.45","114.52","114.29","2.01M","-0.21%"
"11/08/2017","114.60","114.65","114.81","114.51","2.40M","-0.04%"
"11/07/2017","114.65","115.02","115.15","114.62","1.67M","-0.53%"
"11/06/2017","115.26","115.21","115.27","115.14","2.31M","-0.14%"
"11/03/2017","115.42","115.50","115.69","115.35","2.02M","-0.63%"
"11/02/2017","116.15","115.96","116.17","115.81","4.63M","0.28%"
"11/01/2017","115.83","115.84","115.97","115.69","2.36M","-0.36%"
"10/31/2017","116.25","116.21","116.44","116.13","1.25M","0.09%"
"10/30/2017","116.14","115.97","116.22","115.96","2.22M","0.29%"
"10/27/2017","115.80","115.42","115.86","115.28","2.87M","0.48%"
"10/26/2017","115.25","115.62","115.62","115.23","3.82M","-0.29%"
"10/25/2017","115.59","115.52","115.63","115.38","2.40M","-0.17%"
"10/24/2017","115.79","115.80","115.95","115.76","1.68M","-0.13%"
"10/23/2017","115.94","116.10","116.16","115.93","2.08M","-0.09%"
"10/20/2017","116.04","116.27","116.27","115.99","940.30K","-0.33%"
"10/19/2017","116.42","116.45","116.57","116.23","1.32M","0.11%"
"10/18/2017","116.29","116.30","116.35","116.19","1.81M","0.02%"
"10/17/2017","116.27","116.28","116.35","116.12","1.15M","0.05%"
"10/16/2017","116.21","116.06","116.34","116.06","1.05M","-0.18%"
"10/13/2017","116.42","116.32","116.46","116.27","1.28M","0.28%"
"10/12/2017","116.09","116.01","116.14","115.94","1.42M","0.19%"
"10/11/2017","115.87","115.80","115.94","115.78","2.13M","0.11%"
"10/10/2017","115.74","115.60","115.94","115.59","1.72M","0.18%"
"10/09/2017","115.53","115.71","115.71","115.47","1.34M","-0.14%"
"10/06/2017","115.69","115.74","115.86","115.57","1.31M","-0.25%"
"10/05/2017","115.98","116.04","116.10","115.90","1.23M","0.05%"
"10/04/2017","115.92","116.11","116.11","115.81","1.80M","0.08%"
"10/03/2017","115.83","115.92","115.98","115.81","2.16M","-0.03%"
"10/02/2017","115.86","115.74","116.04","115.71","2.07M","-0.48%"
"09/29/2017","116.42","116.25","116.51","116.11","2.76M","0.33%"
"09/28/2017","116.04","115.70","116.12","115.65","2.36M","0.21%"
"09/27/2017","115.80","115.98","115.98","115.70","2.15M","-0.42%"
"09/26/2017","116.29","116.37","116.47","116.20","1.23M","-0.03%"
"09/25/2017","116.33","116.41","116.45","116.09","2.73M","-0.09%"
"09/22/2017","116.44","116.46","116.48","116.32","2.10M","0.17%"
"09/21/2017","116.24","116.07","116.27","116.01","2.30M","0.28%"
"09/20/2017","115.91","116.53","116.60","115.73","3.08M","-0.64%"
"09/19/2017","116.66","116.64","117.04","116.57","1.71M","-0.15%"
"09/18/2017","116.83","117.03","117.04","116.79","2.23M","-0.20%"
"09/15/2017","117.06","117.03","117.08","116.93","959.52K","0.14%"
"09/14/2017","116.90","116.79","116.93","116.73","814.27K","0.07%"
"09/13/2017","116.82","116.88","116.93","116.77","881.63K","0.00%"
"09/12/2017","116.82","116.84","116.94","116.78","1.22M","-0.21%"
"09/11/2017","117.06","117.30","117.30","117.03","1.79M","-0.17%"
"09/08/2017","117.26","117.46","117.46","117.12","677.94K","0.09%"
"09/07/2017","117.15","117.00","117.25","116.90","1.85M","0.39%"
"09/06/2017","116.70","117.04","117.04","116.70","2.19M","-0.19%"
"09/05/2017","116.92","116.71","117.03","116.65","1.98M","0.33%"
"09/01/2017","116.53","116.58","116.67","116.38","1.33M","-0.48%"
"08/31/2017","117.09","116.90","117.27","116.80","1.92M","0.38%"
"08/30/2017","116.65","116.39","116.67","116.39","923.26K","0.33%"
"08/29/2017","116.27","116.31","116.37","116.17","1.40M","0.06%"
"08/28/2017","116.20","116.27","116.42","116.09","2.03M","-0.15%"
"08/25/2017","116.38","116.22","116.40","116.18","982.22K","0.27%"
"08/24/2017","116.07","116.04","116.10","115.87","1.64M","0.10%"
"08/23/2017","115.95","115.72","115.96","115.57","723.48K","0.22%"
"08/22/2017","115.70","115.81","115.84","115.66","800.42K","0.03%"
"08/21/2017","115.66","115.65","115.73","115.56","3.50M","0.10%"
"08/18/2017","115.55","115.46","115.69","115.41","974.52K","0.25%"
"08/17/2017","115.26","115.46","115.53","115.21","790.79K","-0.09%"
"08/16/2017","115.36","115.40","115.47","115.31","1.79M","0.09%"
"08/15/2017","115.26","115.26","115.34","115.08","1.93M","0.03%"
"08/14/2017","115.23","115.28","115.58","114.97","1.17M","0.23%"
"08/11/2017","114.97","114.84","115.05","114.79","935.50K","0.18%"
"08/10/2017","114.76","115.10","115.11","114.73","1.49M","-0.42%"
"08/09/2017","115.24","115.20","115.30","115.15","1.04M","0.03%"
"08/08/2017","115.20","115.34","115.56","115.20","1.03M","-0.21%"
"08/07/2017","115.44","115.15","115.50","115.15","1.29M","0.18%"
"08/04/2017","115.23","115.35","115.36","115.08","1.18M","-0.23%"
"08/03/2017","115.50","115.03","115.51","115.03","926.90K","0.35%"
"08/02/2017","115.10","114.83","115.12","114.80","2.06M","0.14%"
"08/01/2017","114.94","114.85","115.07","114.78","1.36M","-0.28%"
"07/31/2017","115.26","115.25","115.28","115.10","966.96K","0.08%"
"07/28/2017","115.17","115.13","115.20","115.00","1.82M","0.00%"
"07/27/2017","115.17","115.38","115.39","114.99","1.76M","-0.15%"
"07/26/2017","115.34","114.95","115.38","114.89","1.60M","0.54%"
"07/25/2017","114.72","114.85","114.85","114.65","1.26M","-0.30%"
"07/24/2017","115.06","115.25","115.28","114.92","1.19M","-0.20%"
"07/21/2017","115.29","115.27","115.41","115.17","1.11M","0.23%"
"07/20/2017","115.02","115.21","115.30","115.01","1.29M","0.03%"
"07/19/2017","114.98","115.05","115.05","114.89","1.69M","0.11%"
"07/18/2017","114.85","114.74","114.90","114.60","3.07M","0.29%"
"07/17/2017","114.52","114.51","114.60","114.39","1.85M","0.03%"
"07/14/2017","114.48","114.58","114.67","114.43","2.06M","0.25%"
"07/13/2017","114.19","114.30","114.37","114.04","1.63M","0.01%"
"07/12/2017","114.18","114.20","114.53","114.06","1.96M","0.59%"
"07/11/2017","113.51","113.57","113.60","113.35","1.54M","0.10%"
"07/10/2017","113.40","113.34","113.58","113.33","2.52M","0.44%"
"07/07/2017","112.90","112.68","113.05","112.60","2.76M","0.06%"
"07/06/2017","112.83","112.96","113.12","112.80","5.34M","-0.55%"
"07/05/2017","113.45","113.42","113.63","113.40","6.69M","-0.09%"
"07/03/2017","113.55","113.96","114.08","113.44","6.78M","-0.71%"
"06/30/2017","114.36","114.62","114.66","114.33","4.52M","-0.12%"
"06/29/2017","114.50","114.81","114.81","114.46","5.17M","-0.47%"
"06/28/2017","115.04","115.13","115.13","114.79","4.26M","0.11%"
"06/27/2017","114.91","115.46","115.47","114.91","2.16M","-0.52%"
"06/26/2017","115.51","115.39","115.58","115.39","2.73M","0.18%"
"06/23/2017","115.30","115.26","115.32","115.12","2.99M","0.33%"
"06/22/2017","114.92","114.79","115.07","114.75","2.06M","0.22%"
"06/21/2017","114.67","115.11","115.11","114.53","2.16M","-0.21%"
"06/20/2017","114.91","115.17","115.24","114.82","2.96M","-0.47%"
"06/19/2017","115.45","115.54","115.78","115.24","1.57M","-0.10%"
"06/16/2017","115.57","115.66","115.79","115.49","1.14M","-0.01%"
"06/15/2017","115.58","115.94","115.94","115.57","1.87M","-0.32%"
"06/14/2017","115.95","116.07","116.35","115.84","3.76M","0.22%"
"06/13/2017","115.70","115.63","115.70","115.53","914.92K","0.16%"
"06/12/2017","115.52","115.69","116.08","115.50","3.10M","-0.01%"
"06/09/2017","115.53","115.90","115.90","115.49","4.24M","-0.22%"
"06/08/2017","115.78","115.81","115.81","115.49","2.42M","-0.15%"
"06/07/2017","115.95","116.26","116.30","115.80","3.46M","-0.09%"
"06/06/2017","116.05","115.95","116.06","115.92","2.22M","0.21%"
"06/05/2017","115.81","115.89","115.89","115.67","2.08M","-0.17%"
"06/02/2017","116.01","115.55","116.02","115.44","4.55M","0.55%"
"06/01/2017","115.38","115.32","116.02","115.04","7.10M","-0.22%"
"05/31/2017","115.63","115.52","115.74","115.39","2.41M","0.07%"
"05/30/2017","115.55","115.68","115.68","115.43","1.05M","0.05%"
"05/26/2017","115.49","115.42","115.49","115.37","614.16K","0.17%"
"05/25/2017","115.29","115.38","115.42","115.20","2.59M","-0.08%"
"05/24/2017","115.38","115.23","115.48","115.05","1.97M","0.38%"
"05/23/2017","114.94","114.88","114.99","114.78","1.35M","0.06%"
"05/22/2017","114.87","114.91","115.05","114.87","1.35M","-0.04%"
"05/19/2017","114.92","114.78","115.00","114.75","2.24M","0.38%"
"05/18/2017","114.48","114.28","114.64","114.04","2.98M","-0.51%"
"05/17/2017","115.07","114.98","115.11","114.87","3.19M","-0.01%"
"05/16/2017","115.08","115.10","115.20","115.00","1.95M","0.02%"
"05/15/2017","115.06","115.06","115.10","114.93","2.76M","0.08%"
"05/12/2017","114.97","114.74","114.98","114.73","2.24M","0.35%"
"05/11/2017","114.57","114.45","114.62","114.37","1.08M","0.17%"
"05/10/2017","114.38","114.28","114.43","114.21","2.25M","0.29%"
"05/09/2017","114.05","114.23","114.43","113.95","2.22M","-0.10%"
"05/08/2017","114.16","114.36","114.50","114.12","2.11M","-0.27%"
"05/05/2017","114.47","114.30","114.54","114.18","2.61M","0.10%"
"05/04/2017","114.35","114.61","114.64","114.25","1.88M","-0.45%"
"05/03/2017","114.87","115.11","115.14","114.82","1.90M","-0.12%"
"05/02/2017","115.01","114.73","115.01","114.60","2.12M","0.36%"
"05/01/2017","114.60","114.62","114.81","114.48","1.75M","-0.52%"
"04/28/2017","115.20","114.90","115.20","114.82","2.00M","0.31%"
"04/27/2017","114.84","114.57","114.85","114.53","1.38M","0.23%"
"04/26/2017","114.58","114.52","114.73","114.48","1.12M","-0.02%"
"04/25/2017","114.60","114.68","114.82","114.51","1.45M","-0.25%"
"04/24/2017","114.89","114.59","114.90","114.59","2.65M","0.31%"
"04/21/2017","114.54","114.50","114.61","114.45","1.23M","0.25%"
"04/20/2017","114.25","114.41","114.47","114.22","1.23M","0.07%"
"04/19/2017","114.17","114.58","114.61","114.14","3.41M","-0.29%"
"04/18/2017","114.50","114.36","114.55","114.32","1.63M","0.18%"
"04/17/2017","114.29","114.23","114.43","114.21","1.77M","0.16%"
"04/13/2017","114.11","114.30","114.34","114.08","2.48M","-0.04%"
"04/12/2017","114.16","113.94","114.22","113.86","2.05M","0.29%"
"04/11/2017","113.83","113.76","113.90","113.61","1.44M","0.17%"
"04/10/2017","113.64","114.03","114.03","113.59","1.21M","-0.01%"
"04/07/2017","113.65","113.72","113.87","113.58","1.37M","-0.06%"
"04/06/2017","113.72","113.70","113.83","113.64","1.43M","-0.05%"
"04/05/2017","113.78","113.48","113.84","113.43","1.67M","0.37%"
"04/04/2017","113.36","113.45","113.47","113.27","1.97M","-0.18%"
"04/03/2017","113.57","113.50","113.62","113.29","3.49M","-0.11%"
"03/31/2017","113.70","113.69","113.80","113.56","2.01M","-0.14%"
"03/30/2017","113.86","114.06","114.10","113.77","1.98M","-0.18%"
"03/29/2017","114.06","113.60","114.08","113.60","2.22M","0.33%"
"03/28/2017","113.69","114.08","114.08","113.65","1.39M","-0.04%"
"03/27/2017","113.73","113.74","113.90","113.66","2.23M","-0.01%"
"03/24/2017","113.74","113.63","113.87","113.59","2.32M","0.15%"
"03/23/2017","113.57","113.53","113.67","113.47","2.97M","0.15%"
"03/22/2017","113.40","113.39","113.45","113.03","3.49M","0.10%"
"03/21/2017","113.29","113.31","113.46","113.28","2.33M","0.04%"
"03/20/2017","113.25","113.27","113.29","113.04","1.59M","0.19%"
"03/17/2017","113.04","112.84","113.09","112.82","2.35M","0.41%"
"03/16/2017","112.58","112.90","112.90","112.56","2.37M","-0.30%"
"03/15/2017","112.92","111.45","112.98","111.45","2.63M","1.36%"
"03/14/2017","111.40","111.62","111.65","111.32","1.97M","-0.30%"
"03/13/2017","111.74","112.10","112.20","111.65","1.67M","-0.16%"
"03/10/2017","111.92","111.99","112.10","111.71","2.32M","0.42%"
"03/09/2017","111.45","111.55","111.73","111.40","4.94M","-0.62%"
"03/08/2017","112.15","112.51","112.55","112.11","2.12M","-0.78%"
"03/07/2017","113.03","113.19","113.31","112.93","1.07M","-0.07%"
"03/06/2017","113.11","113.15","113.23","112.92","1.13M","-0.04%"
"03/03/2017","113.15","112.87","113.19","112.75","2.12M","0.46%"
"03/02/2017","112.63","113.00","113.00","112.58","2.34M","-0.47%"
"03/01/2017","113.16","113.01","113.19","112.89","2.63M","-0.35%"
"02/28/2017","113.56","113.70","113.86","113.52","1.60M","0.00%"
"02/27/2017","113.56","113.90","113.93","113.52","1.94M","-0.24%"
"02/24/2017","113.83","113.70","113.86","113.58","2.95M","0.19%"
"02/23/2017","113.61","113.51","113.66","113.48","2.27M","0.29%"
"02/22/2017","113.28","113.35","113.46","113.10","2.43M","0.14%"
"02/21/2017","113.12","112.93","113.16","112.82","1.66M","0.15%"
"02/17/2017","112.95","112.79","112.99","112.73","1.66M","0.03%"
"02/16/2017","112.92","112.94","113.04","112.84","2.77M","-0.05%"
"02/15/2017","112.98","112.54","113.05","112.43","3.05M","-0.03%"
"02/14/2017","113.01","113.33","113.47","112.83","3.05M","-0.11%"
"02/13/2017","113.13","112.98","113.20","112.98","1.54M","0.11%"
"02/10/2017","113.01","112.73","113.05","112.73","1.13M","0.15%"
"02/09/2017","112.84","113.03","113.03","112.76","1.48M","-0.13%"
"02/08/2017","112.99","112.84","113.13","112.58","2.62M","0.39%"
"02/07/2017","112.55","112.69","112.77","112.11","2.53M","-0.12%"
"02/06/2017","112.69","112.77","113.41","112.58","1.68M","0.00%"
"02/03/2017","112.69","112.34","112.78","112.22","5.08M","0.58%"
"02/02/2017","112.04","112.33","112.36","112.02","3.68M","0.30%"
"02/01/2017","111.71","111.63","111.85","111.31","1.83M","-0.37%"
"01/31/2017","112.13","111.87","112.13","111.73","3.72M","0.37%"
"01/30/2017","111.72","111.96","112.00","111.72","2.62M","-0.22%"
"01/27/2017","111.97","111.83","112.05","111.77","1.90M","0.30%"
"01/26/2017","111.64","111.72","112.32","111.36","1.64M","-0.08%"
"01/25/2017","111.73","111.82","111.82","111.52","2.22M","-0.12%"
"01/24/2017","111.86","112.13","112.20","111.85","1.19M","-0.33%"
"01/23/2017","112.23","111.73","112.30","111.69","2.54M","0.47%"
"01/20/2017","111.70","111.45","111.73","111.30","1.49M","0.13%"
"01/19/2017","111.56","111.85","111.89","111.43","2.11M","-0.24%"
"01/18/2017","111.83","112.67","112.67","111.72","3.01M","-0.70%"
"01/17/2017","112.62","112.89","112.92","112.52","2.27M","0.41%"
"01/13/2017","112.16","112.37","112.47","112.03","3.55M","0.04%"
"01/12/2017","112.11","112.36","112.37","112.00","2.75M","0.20%"
"01/11/2017","111.89","111.93","111.94","111.35","2.42M","0.10%"
"01/10/2017","111.78","112.07","112.11","111.72","1.44M","-0.16%"
"01/09/2017","111.96","111.97","111.99","111.79","2.15M","-0.12%"
"01/06/2017","112.09","112.15","112.15","111.73","1.43M","-0.05%"
"01/05/2017","112.15","111.79","112.16","111.46","3.18M","0.77%"
"01/04/2017","111.29","111.12","111.34","111.11","1.98M","0.62%"
"01/03/2017","110.60","110.53","110.78","110.43","2.82M","0.34%"
"12/30/2016","110.22","110.36","110.49","110.22","645.61K","-0.16%"
"12/29/2016","110.40","110.39","110.45","110.31","550.20K","0.24%"
"12/28/2016","110.14","110.00","110.21","110.00","645.87K","0.14%"
"12/27/2016","109.99","109.94","109.99","109.83","554.66K","-0.09%"
"12/23/2016","110.09","109.98","110.09","109.93","519.39K","0.15%"
"12/22/2016","109.92","110.05","110.10","109.67","1.67M","-0.21%"
"12/21/2016","110.15","109.88","110.27","109.85","1.65M","0.33%"
"12/20/2016","109.79","109.72","109.91","109.53","1.98M","0.17%"
"12/19/2016","109.60","109.35","109.86","109.27","2.70M","0.45%"
"12/16/2016","109.11","109.22","109.55","109.00","1.88M","0.20%"
"12/15/2016","108.89","108.98","109.20","108.66","3.65M","-0.18%"
"12/14/2016","109.09","110.23","110.48","108.98","3.54M","-0.87%"
"12/13/2016","110.05","109.87","110.11","109.79","1.97M","0.31%"
"12/12/2016","109.71","109.83","109.83","109.52","1.57M","0.26%"
"12/09/2016","109.43","110.16","110.16","109.42","2.12M","-0.42%"
"12/08/2016","109.89","109.82","110.09","109.69","3.29M","-0.06%"
"12/07/2016","109.96","109.97","110.33","109.77","2.87M","0.59%"
"12/06/2016","109.32","109.19","109.57","109.15","2.68M","0.49%"
"12/05/2016","108.79","108.53","108.97","108.53","3.11M","0.42%"
"12/02/2016","108.33","108.20","108.76","108.20","2.81M","0.06%"
"12/01/2016","108.26","108.50","108.55","107.98","7.69M","-0.96%"
"11/30/2016","109.31","109.39","109.54","109.17","7.18M","-0.25%"
"11/29/2016","109.58","109.43","109.73","109.43","1.73M","-0.10%"
"11/28/2016","109.69","109.74","109.87","109.56","1.92M","0.35%"
"11/25/2016","109.31","109.68","109.68","109.29","742.78K","0.06%"
"11/23/2016","109.24","109.42","109.51","109.03","2.68M","-0.75%"
"11/22/2016","110.06","109.83","110.06","109.72","1.21M","0.44%"
"11/21/2016","109.58","109.73","109.97","109.50","2.47M","0.44%"
"11/18/2016","109.10","109.72","109.92","109.08","2.98M","-0.57%"
"11/17/2016","109.72","110.15","110.34","109.71","1.67M","-0.21%"
"11/16/2016","109.95","109.62","110.04","109.62","1.97M","-0.06%"
"11/15/2016","110.02","110.10","110.15","109.59","4.02M","1.72%"
"11/14/2016","108.16","107.91","108.58","107.74","5.22M","-0.51%"
"11/11/2016","108.71","109.16","110.15","108.60","4.64M","-0.58%"
"11/10/2016","109.34","112.52","112.52","109.09","12.67M","-3.69%"
"11/09/2016","113.53","113.76","113.97","113.34","5.96M","-1.48%"
"11/08/2016","115.24","115.10","115.29","114.97","2.77M","0.26%"
"11/07/2016","114.94","114.76","114.95","114.61","2.08M","0.81%"
"11/04/2016","114.02","114.23","114.40","114.00","1.95M","-0.24%"
"11/03/2016","114.30","114.26","114.42","114.14","1.56M","0.26%"
"11/02/2016","114.00","114.10","114.19","113.92","1.96M","-0.11%"
"11/01/2016","114.12","114.50","114.50","113.97","2.32M","-0.50%"
"10/31/2016","114.69","114.86","115.18","114.68","1.56M","0.10%"
"10/28/2016","114.57","114.98","115.13","114.55","1.76M","-0.24%"
"10/27/2016","114.85","115.61","115.61","114.69","3.33M","-0.85%"
"10/26/2016","115.84","116.11","116.15","115.74","947.01K","-0.58%"
"10/25/2016","116.52","116.40","116.53","116.33","2.94M","0.04%"
"10/24/2016","116.47","116.43","116.59","116.31","1.50M","-0.01%"
"10/21/2016","116.48","116.13","116.52","116.09","1.02M","0.41%"
"10/20/2016","116.00","116.26","116.33","115.98","1.20M","0.09%"
"10/19/2016","115.90","115.56","116.04","115.56","1.74M","0.13%"
"10/18/2016","115.75","115.47","115.77","115.40","2.29M","0.16%"
"10/17/2016","115.57","115.19","115.60","115.19","2.87M","0.03%"
"10/14/2016","115.54","116.23","116.23","115.48","1.84M","-0.50%"
"10/13/2016","116.12","115.69","116.18","115.60","2.62M","0.23%"
"10/12/2016","115.85","115.68","115.87","115.38","1.60M","0.00%"
"10/11/2016","115.85","116.11","116.11","115.61","2.28M","-0.80%"
"10/10/2016","116.78","116.15","116.80","116.15","816.79K","0.37%"
"10/07/2016","116.35","116.15","116.37","115.89","1.37M","0.06%"
"10/06/2016","116.28","116.46","116.46","116.07","1.72M","-0.15%"
"10/05/2016","116.46","116.48","116.69","116.28","1.38M","0.03%"
"10/04/2016","116.43","117.19","117.19","116.32","3.17M","-0.44%"
"10/03/2016","116.94","116.94","117.06","116.70","2.78M","-0.23%"
"09/30/2016","117.21","117.11","117.44","117.05","1.94M","0.30%"
"09/29/2016","116.86","117.47","117.53","116.86","2.13M","-0.40%"
"09/28/2016","117.33","117.18","117.34","116.95","2.13M","0.10%"
"09/27/2016","117.21","116.96","117.27","116.86","2.34M","0.28%"
"09/26/2016","116.88","116.95","117.02","116.74","1.77M","-0.31%"
"09/23/2016","117.24","117.69","117.69","116.98","2.98M","-0.31%"
"09/22/2016","117.61","117.91","118.05","117.60","4.75M","0.39%"
"09/21/2016","117.15","116.35","117.21","116.22","2.24M","1.09%"
"09/20/2016","115.89","116.00","116.17","115.78","3.39M","0.11%"
"09/19/2016","115.76","115.71","115.84","115.52","2.04M","0.36%"
"09/16/2016","115.35","115.83","115.83","115.18","1.65M","-0.29%"
"09/15/2016","115.68","115.17","115.72","115.17","2.64M","0.42%"
"09/14/2016","115.20","115.33","115.67","115.12","2.59M","0.19%"
"09/13/2016","114.98","116.18","116.28","114.94","5.10M","-1.10%"
"09/12/2016","116.26","115.60","116.57","115.60","2.94M","-0.02%"
"09/09/2016","116.28","117.21","117.25","116.16","3.32M","-0.98%"
"09/08/2016","117.43","117.88","118.05","117.39","2.15M","-0.46%"
"09/07/2016","117.97","118.02","118.14","117.65","2.92M","0.28%"
"09/06/2016","117.64","117.32","117.64","117.07","3.02M","0.62%"
"09/02/2016","116.92","116.96","116.96","116.54","2.23M","0.29%"
"09/01/2016","116.58","116.52","116.75","116.33","4.26M","-0.55%"
"08/31/2016","117.22","117.66","117.66","117.22","1.65M","-0.37%"
"08/30/2016","117.65","117.73","117.74","117.37","1.88M","-0.03%"
"08/29/2016","117.69","117.12","117.70","117.12","1.80M","0.50%"
"08/26/2016","117.11","117.49","117.84","117.08","2.45M","-0.13%"
"08/25/2016","117.26","117.40","117.40","117.09","1.07M","-0.01%"
"08/24/2016","117.27","117.68","117.76","117.25","1.84M","-0.34%"
"08/23/2016","117.67","117.69","117.83","117.65","2.85M","0.09%"
"08/22/2016","117.57","117.44","117.62","117.25","2.13M","0.13%"
"08/19/2016","117.42","117.75","117.78","117.38","1.29M","-0.47%"
"08/18/2016","117.97","117.79","117.99","117.68","2.23M","0.24%"
"08/17/2016","117.69","117.55","117.74","117.28","4.52M","0.31%"
"08/16/2016","117.33","117.77","117.79","117.31","3.16M","-0.26%"
"08/15/2016","117.64","117.53","117.66","117.53","866.37K","0.12%"
"08/12/2016","117.50","117.17","117.52","117.17","2.98M","0.43%"
"08/11/2016","117.00","117.00","117.14","116.77","2.08M","-0.15%"
"08/10/2016","117.18","117.02","117.20","116.94","1.57M","0.29%"
"08/09/2016","116.84","116.65","116.88","116.60","2.39M","0.46%"
"08/08/2016","116.30","116.07","116.33","116.07","2.73M","0.60%"
"08/05/2016","115.61","116.10","116.10","115.60","1.90M","-0.26%"
"08/04/2016","115.91","115.68","115.98","115.65","1.37M","0.67%"
"08/03/2016","115.14","115.00","115.26","114.94","2.82M","0.14%"
"08/02/2016","114.98","115.39","115.39","114.97","2.60M","-0.23%"
"08/01/2016","115.25","115.58","115.67","115.06","2.20M","-0.81%"
"07/29/2016","116.19","115.90","116.20","115.77","1.85M","0.32%"
"07/28/2016","115.82","116.01","116.47","115.72","1.64M","-0.24%"
"07/27/2016","116.10","116.32","116.46","115.58","2.66M","0.45%"
"07/26/2016","115.58","115.78","115.87","115.55","3.72M","-0.28%"
"07/25/2016","115.91","116.28","116.43","115.89","1.09M","-0.25%"
"07/22/2016","116.20","116.33","116.74","116.13","2.90M","0.01%"
"07/21/2016","116.19","116.30","116.30","116.01","1.96M","0.00%"
"07/20/2016","116.19","116.34","116.39","116.07","2.21M","-0.04%"
"07/19/2016","116.24","116.29","116.40","116.09","2.46M","0.03%"
"07/18/2016","116.21","116.32","116.36","116.08","3.84M","-0.14%"
"07/15/2016","116.37","116.35","116.49","116.24","6.08M","-0.03%"
"07/14/2016","116.40","116.50","116.86","116.21","3.43M","0.04%"
"07/13/2016","116.35","116.51","116.57","116.30","1.70M","0.05%"
"07/12/2016","116.29","116.61","116.66","116.29","1.64M","-0.34%"
"07/11/2016","116.69","116.63","116.93","116.55","1.46M","0.28%"
"07/08/2016","116.36","115.67","116.36","115.67","1.45M","0.80%"
"07/07/2016","115.44","115.78","115.78","115.35","1.12M","-0.03%"
"07/06/2016","115.48","115.19","115.51","115.12","1.35M","0.14%"
"07/05/2016","115.32","115.39","115.45","115.10","1.81M","0.23%"
"07/01/2016","115.06","115.14","115.50","114.61","1.59M","-0.08%"
"06/30/2016","115.15","114.69","115.19","114.58","5.31M","0.46%"
"06/29/2016","114.62","114.38","114.69","114.02","1.37M","1.00%"
"06/28/2016","113.48","113.24","113.55","113.08","1.28M","0.74%"
"06/27/2016","112.65","112.57","112.96","111.95","1.85M","0.30%"
"06/24/2016","112.31","111.51","112.67","111.51","1.31M","-0.85%"
"06/23/2016","113.27","113.17","113.42","113.17","583.90K","0.24%"
"06/22/2016","113.00","112.70","113.00","112.70","1.39M","0.44%"
"06/21/2016","112.51","112.68","112.71","112.48","946.30K","-0.08%"
"06/20/2016","112.60","112.74","112.74","112.42","1.48M","0.68%"
"06/17/2016","111.84","112.14","112.23","111.83","761.22K","-0.10%"
"06/16/2016","111.95","111.89","112.07","111.70","894.93K","0.02%"
"06/15/2016","111.93","111.66","112.02","111.64","1.15M","0.39%"
"06/14/2016","111.49","111.51","111.62","111.35","1.14M","-0.46%"
"06/13/2016","112.00","112.20","112.35","112.00","816.73K","-0.36%"
"06/10/2016","112.41","112.65","112.66","112.40","893.59K","-0.38%"
"06/09/2016","112.84","112.83","112.84","112.54","916.27K","-0.12%"
"06/08/2016","112.98","113.18","113.18","112.82","810.00K","0.52%"
"06/07/2016","112.39","112.82","112.90","112.35","1.51M","0.16%"
"06/06/2016","112.21","112.06","112.39","112.06","903.84K","0.19%"
"06/03/2016","112.00","111.79","112.32","111.78","1.30M","0.79%"
"06/02/2016","111.12","111.09","111.25","110.89","4.65M","0.18%"
"06/01/2016","110.92","110.71","110.95","110.53","1.86M","-0.05%"
"05/31/2016","110.98","111.01","111.16","110.95","976.93K","-0.05%"
"05/27/2016","111.04","111.23","111.28","111.04","555.86K","-0.05%"
"05/26/2016","111.10","111.21","111.23","111.04","1.00M","0.04%"
"05/25/2016","111.06","111.06","111.11","110.92","972.93K","0.28%"
"05/24/2016","110.75","110.43","110.93","110.43","1.99M","0.24%"
"05/23/2016","110.49","110.82","110.82","110.40","927.74K","0.01%"
"05/20/2016","110.48","110.62","110.84","110.41","1.53M","0.10%"
"05/19/2016","110.37","110.33","110.48","110.13","1.66M","-0.34%"
"05/18/2016","110.75","111.82","111.82","110.70","1.82M","-0.97%"
"05/17/2016","111.83","111.87","111.92","111.72","449.34K","-0.07%"
"05/16/2016","111.91","111.92","111.98","111.78","863.77K","0.05%"
"05/13/2016","111.85","111.90","111.90","111.60","378.14K","0.06%"
"05/12/2016","111.78","111.77","111.92","111.61","780.17K","0.20%"
"05/11/2016","111.56","111.54","111.61","111.37","1.11M","0.23%"
"05/10/2016","111.30","111.21","111.36","111.06","969.77K","0.44%"
"05/09/2016","110.81","110.76","111.26","110.76","1.20M","-0.25%"
"05/06/2016","111.09","110.79","111.11","110.63","1.03M","0.14%"
"05/05/2016","110.94","111.04","111.04","110.70","975.22K","0.23%"
"05/04/2016","110.69","110.77","110.88","110.64","1.00M","-0.23%"
"05/03/2016","110.95","111.21","111.21","110.77","1.39M","-0.22%"
"05/02/2016","111.20","111.59","111.59","111.18","1.03M","-0.39%"
"04/29/2016","111.63","111.90","111.97","111.54","1.13M","-0.10%"
"04/28/2016","111.74","111.69","111.90","111.61","1.64M","0.21%"
"04/27/2016","111.51","111.10","111.65","110.99","1.23M","0.45%"
"04/26/2016","111.01","111.00","111.03","110.87","1.14M","0.09%"
"04/25/2016","110.91","111.16","111.19","110.88","1.44M","-0.40%"
"04/22/2016","111.36","111.49","111.59","111.36","930.17K","-0.15%"
"04/21/2016","111.53","112.01","112.47","111.52","1.46M","-0.36%"
"04/20/2016","111.93","111.93","112.18","111.67","1.63M","0.08%"
"04/19/2016","111.84","111.75","111.84","111.49","2.07M","0.39%"
"04/18/2016","111.41","111.01","111.41","111.00","891.27K","0.05%"
"04/15/2016","111.35","111.40","111.42","111.24","734.88K","0.05%"
"04/14/2016","111.29","111.38","111.47","111.21","751.98K","0.13%"
"04/13/2016","111.15","111.03","111.22","111.03","1.86M","0.42%"
"04/12/2016","110.69","110.64","110.84","110.58","1.62M","0.14%"
"04/11/2016","110.54","110.56","110.71","110.24","1.61M","0.45%"
"04/08/2016","110.05","110.00","110.15","109.93","1.01M","0.32%"
"04/07/2016","109.70","110.13","110.13","109.53","1.54M","-0.41%"